,Topic 0,Topic 1,Topic 2,Topic 3,Topic 4,Topic 5,Topic 6,Dominant topic,Cluster
Doc 0,0.0,0.0,0.0,1.0,0.0,0.0,0.0,Topic 3,Cluster 1
Doc 1,0.0,0.0,1.0,0.0,0.0,0.0,0.0,Topic 2,Cluster 1
Doc 2,0.61,0.0,0.39,0.0,0.0,0.0,0.0,Topic 0,Cluster 1
Doc 3,0.0,0.0,0.0,0.0,0.96,0.0,0.03,Topic 4,Cluster 1
Doc 4,0.0,0.0,1.0,0.0,0.0,0.0,0.0,Topic 2,Cluster 1
Doc 5,0.0,0.0,0.0,0.99,0.0,0.0,0.0,Topic 3,Cluster 1
Doc 6,0.0,0.0,0.74,0.0,0.0,0.25,0.0,Topic 2,Cluster 1
Doc 7,0.0,0.0,0.0,0.0,0.65,0.0,0.35,Topic 4,Cluster 1
Doc 8,0.0,0.0,0.19,0.0,0.0,0.79,0.02,Topic 5,Cluster 1
Doc 9,0.77,0.0,0.0,0.0,0.0,0.05,0.17,Topic 0,Cluster 1
Doc 10,0.39,0.0,0.0,0.6,0.0,0.0,0.0,Topic 3,Cluster 1
Doc 11,0.0,0.0,0.61,0.12,0.0,0.27,0.0,Topic 2,Cluster 1
Doc 12,0.0,0.0,1.0,0.0,0.0,0.0,0.0,Topic 2,Cluster 1
Doc 13,0.0,0.65,0.0,0.0,0.35,0.0,0.0,Topic 1,Cluster 1
Doc 14,0.0,0.0,0.0,0.0,1.0,0.0,0.0,Topic 4,Cluster 1
Doc 15,1.0,0.0,0.0,0.0,0.0,0.0,0.0,Topic 0,Cluster 1
Doc 16,0.0,0.0,0.0,0.0,0.15,0.84,0.0,Topic 5,Cluster 1
Doc 17,0.0,0.0,0.0,0.56,0.43,0.0,0.0,Topic 3,Cluster 1
Doc 18,0.0,0.0,0.0,1.0,0.0,0.0,0.0,Topic 3,Cluster 1
Doc 19,0.0,0.0,0.0,0.0,0.0,0.6,0.38,Topic 5,Cluster 1
Doc 20,0.11,0.0,0.0,0.0,0.86,0.0,0.03,Topic 4,Cluster 1
Doc 21,0.0,0.0,0.62,0.0,0.12,0.0,0.26,Topic 2,Cluster 1
Doc 22,0.0,0.0,0.3,0.0,0.7,0.0,0.0,Topic 4,Cluster 1
Doc 23,0.0,0.0,0.27,0.0,0.17,0.0,0.55,Topic 6,Cluster 1
Doc 24,0.0,0.0,0.0,1.0,0.0,0.0,0.0,Topic 3,Cluster 1
Doc 25,0.48,0.0,0.0,0.0,0.38,0.0,0.14,Topic 0,Cluster 1
Doc 26,0.0,0.0,1.0,0.0,0.0,0.0,0.0,Topic 2,Cluster 1
Doc 27,1.0,0.0,0.0,0.0,0.0,0.0,0.0,Topic 0,Cluster 1
Doc 28,0.0,0.0,0.06,0.93,0.0,0.0,0.0,Topic 3,Cluster 1
Doc 29,0.0,0.0,0.0,0.0,0.55,0.0,0.45,Topic 4,Cluster 1
Doc 30,0.0,0.0,0.0,0.99,0.0,0.0,0.0,Topic 3,Cluster 1
Doc 31,0.0,0.0,0.99,0.0,0.0,0.01,0.0,Topic 2,Cluster 1
Doc 32,0.0,0.0,0.99,0.0,0.0,0.0,0.0,Topic 2,Cluster 1
Doc 33,0.0,0.0,0.95,0.0,0.04,0.0,0.0,Topic 2,Cluster 1
Doc 34,0.0,0.0,0.0,0.0,0.8,0.19,0.0,Topic 4,Cluster 1
Doc 35,0.0,0.0,0.0,0.0,0.01,0.98,0.0,Topic 5,Cluster 1
Doc 36,0.0,0.0,0.0,0.0,0.65,0.35,0.0,Topic 4,Cluster 1
Doc 37,0.13,0.0,0.06,0.0,0.14,0.67,0.0,Topic 5,Cluster 1
Doc 38,0.17,0.0,0.0,0.81,0.0,0.02,0.0,Topic 3,Cluster 1
Doc 39,0.63,0.0,0.0,0.0,0.0,0.0,0.37,Topic 0,Cluster 1
Doc 40,0.0,0.87,0.13,0.0,0.0,0.0,0.0,Topic 1,Cluster 1
Doc 41,0.04,0.0,0.0,0.95,0.0,0.0,0.0,Topic 3,Cluster 1
Doc 42,0.18,0.0,0.0,0.0,0.81,0.0,0.0,Topic 4,Cluster 1
Doc 43,0.71,0.12,0.0,0.11,0.0,0.0,0.06,Topic 0,Cluster 1
Doc 44,0.0,0.0,1.0,0.0,0.0,0.0,0.0,Topic 2,Cluster 1
Doc 45,0.0,0.0,0.0,1.0,0.0,0.0,0.0,Topic 3,Cluster 1
Doc 46,0.0,0.0,0.38,0.09,0.53,0.0,0.0,Topic 4,Cluster 1
Doc 47,0.0,0.0,0.0,1.0,0.0,0.0,0.0,Topic 3,Cluster 1
Doc 48,0.0,1.0,0.0,0.0,0.0,0.0,0.0,Topic 1,Cluster 3
Doc 49,0.02,0.0,0.0,0.0,0.0,0.97,0.0,Topic 5,Cluster 1
Doc 50,0.0,0.0,0.0,1.0,0.0,0.0,0.0,Topic 3,Cluster 1
Doc 51,0.0,0.0,0.0,0.0,0.16,0.84,0.0,Topic 5,Cluster 1
Doc 52,0.0,0.0,0.08,0.92,0.0,0.0,0.0,Topic 3,Cluster 1
Doc 53,0.0,0.0,0.5,0.5,0.0,0.0,0.0,Topic 2,Cluster 1
Doc 54,0.0,0.0,0.68,0.06,0.22,0.03,0.0,Topic 2,Cluster 1
Doc 55,0.0,0.0,0.78,0.21,0.0,0.0,0.0,Topic 2,Cluster 1
Doc 56,0.2,0.0,0.16,0.0,0.0,0.31,0.33,Topic 6,Cluster 1
Doc 57,0.0,0.0,0.0,0.0,0.99,0.0,0.0,Topic 4,Cluster 1
Doc 58,0.03,0.0,0.0,0.0,0.03,0.0,0.93,Topic 6,Cluster 1
Doc 59,0.0,0.0,0.3,0.0,0.0,0.69,0.0,Topic 5,Cluster 1
Doc 60,0.12,0.0,0.0,0.87,0.0,0.0,0.0,Topic 3,Cluster 1
Doc 61,0.0,0.0,0.0,0.0,0.0,1.0,0.0,Topic 5,Cluster 1
Doc 62,0.0,0.0,0.0,0.99,0.0,0.0,0.0,Topic 3,Cluster 1
Doc 63,0.0,0.0,0.0,0.0,0.0,0.0,0.98,Topic 6,Cluster 1
Doc 64,0.63,0.0,0.29,0.08,0.0,0.0,0.0,Topic 0,Cluster 1
Doc 65,0.0,1.0,0.0,0.0,0.0,0.0,0.0,Topic 1,Cluster 3
Doc 66,0.0,0.0,0.0,0.0,0.99,0.0,0.0,Topic 4,Cluster 1
Doc 67,0.52,0.0,0.48,0.0,0.0,0.0,0.0,Topic 0,Cluster 1
Doc 68,1.0,0.0,0.0,0.0,0.0,0.0,0.0,Topic 0,Cluster 1
Doc 69,0.0,0.0,0.0,1.0,0.0,0.0,0.0,Topic 3,Cluster 1
Doc 70,0.04,0.0,0.0,0.95,0.0,0.0,0.0,Topic 3,Cluster 1
Doc 71,0.0,0.01,0.0,0.99,0.0,0.0,0.0,Topic 3,Cluster 1
Doc 72,0.0,0.99,0.0,0.0,0.0,0.01,0.0,Topic 1,Cluster 1
Doc 73,0.45,0.0,0.0,0.0,0.0,0.55,0.0,Topic 5,Cluster 1
Doc 74,0.0,0.0,0.79,0.21,0.0,0.0,0.0,Topic 2,Cluster 1
Doc 75,0.66,0.02,0.0,0.2,0.12,0.0,0.0,Topic 0,Cluster 1
Doc 76,0.01,0.01,0.01,0.01,0.95,0.01,0.01,Topic 4,Cluster 1
Doc 77,0.0,1.0,0.0,0.0,0.0,0.0,0.0,Topic 1,Cluster 1
Doc 78,0.0,0.0,0.8,0.0,0.2,0.0,0.0,Topic 2,Cluster 1
Doc 79,0.0,0.0,0.0,0.0,0.0,0.0,1.0,Topic 6,Cluster 1
Doc 80,0.86,0.14,0.0,0.0,0.0,0.0,0.0,Topic 0,Cluster 1
Doc 81,0.0,0.0,0.96,0.0,0.04,0.0,0.0,Topic 2,Cluster 1
Doc 82,0.0,0.0,0.0,0.12,0.88,0.0,0.0,Topic 4,Cluster 1
Doc 83,0.38,0.0,0.24,0.38,0.0,0.0,0.0,Topic 0,Cluster 1
Doc 84,0.0,0.0,0.0,0.0,0.05,0.0,0.94,Topic 6,Cluster 1
Doc 85,0.21,0.0,0.22,0.0,0.0,0.56,0.0,Topic 5,Cluster 1
Doc 86,0.19,0.24,0.57,0.0,0.0,0.0,0.0,Topic 2,Cluster 1
Doc 87,0.0,0.0,0.0,0.0,0.98,0.0,0.0,Topic 4,Cluster 1
Doc 88,0.0,0.0,0.0,0.0,0.02,0.69,0.28,Topic 5,Cluster 1
Doc 89,0.9,0.0,0.0,0.0,0.0,0.0,0.09,Topic 0,Cluster 1
Doc 90,0.0,0.0,0.72,0.28,0.0,0.0,0.0,Topic 2,Cluster 1
Doc 91,0.0,0.0,0.0,0.92,0.0,0.0,0.07,Topic 3,Cluster 1
Doc 92,0.0,0.0,0.0,0.13,0.22,0.64,0.0,Topic 5,Cluster 1
Doc 93,0.0,0.0,0.32,0.4,0.09,0.19,0.0,Topic 3,Cluster 1
Doc 94,0.0,0.0,0.0,0.0,0.15,0.85,0.0,Topic 5,Cluster 1
Doc 95,0.0,0.1,0.0,0.05,0.85,0.0,0.0,Topic 4,Cluster 1
Doc 96,0.0,0.0,1.0,0.0,0.0,0.0,0.0,Topic 2,Cluster 1
Doc 97,0.0,0.0,0.0,0.99,0.0,0.0,0.0,Topic 3,Cluster 1
Doc 98,0.0,0.0,0.0,0.0,0.0,0.0,0.98,Topic 6,Cluster 1
Doc 99,0.0,1.0,0.0,0.0,0.0,0.0,0.0,Topic 1,Cluster 3
Doc 100,0.0,0.0,0.0,0.0,0.0,0.4,0.59,Topic 6,Cluster 1
Doc 101,0.0,0.0,0.0,1.0,0.0,0.0,0.0,Topic 3,Cluster 1
Doc 102,0.06,0.0,0.0,0.0,0.71,0.22,0.0,Topic 4,Cluster 1
Doc 103,0.0,0.0,0.0,1.0,0.0,0.0,0.0,Topic 3,Cluster 1
Doc 104,0.0,0.0,0.0,0.0,0.97,0.03,0.0,Topic 4,Cluster 1
Doc 105,0.19,0.0,0.0,0.0,0.0,0.8,0.0,Topic 5,Cluster 1
Doc 106,0.0,0.0,1.0,0.0,0.0,0.0,0.0,Topic 2,Cluster 1
Doc 107,0.0,0.0,0.0,0.0,0.0,0.0,0.99,Topic 6,Cluster 1
Doc 108,0.0,1.0,0.0,0.0,0.0,0.0,0.0,Topic 1,Cluster 1
Doc 109,0.19,0.0,0.8,0.0,0.0,0.0,0.0,Topic 2,Cluster 1
Doc 110,0.41,0.0,0.16,0.0,0.0,0.0,0.43,Topic 6,Cluster 1
Doc 111,0.0,0.0,0.2,0.24,0.55,0.0,0.0,Topic 4,Cluster 1
Doc 112,0.0,0.0,0.27,0.0,0.33,0.0,0.4,Topic 6,Cluster 1
Doc 113,0.0,0.0,0.0,0.0,0.65,0.0,0.35,Topic 4,Cluster 1
Doc 114,0.0,0.0,0.0,0.05,0.95,0.0,0.0,Topic 4,Cluster 1
Doc 115,0.41,0.0,0.0,0.0,0.33,0.0,0.25,Topic 0,Cluster 1
Doc 116,0.0,1.0,0.0,0.0,0.0,0.0,0.0,Topic 1,Cluster 1
Doc 117,0.02,0.0,0.0,0.0,0.76,0.0,0.22,Topic 4,Cluster 1
Doc 118,0.0,0.0,0.0,0.99,0.0,0.0,0.0,Topic 3,Cluster 1
Doc 119,0.0,0.0,1.0,0.0,0.0,0.0,0.0,Topic 2,Cluster 1
Doc 120,0.08,0.0,0.16,0.0,0.0,0.76,0.0,Topic 5,Cluster 1
Doc 121,0.19,0.17,0.0,0.0,0.64,0.0,0.0,Topic 4,Cluster 1
Doc 122,0.0,0.0,0.0,0.3,0.0,0.0,0.69,Topic 6,Cluster 1
Doc 123,0.0,0.83,0.0,0.11,0.06,0.0,0.0,Topic 1,Cluster 1
Doc 124,0.0,0.0,0.25,0.0,0.0,0.0,0.74,Topic 6,Cluster 1
Doc 125,0.0,1.0,0.0,0.0,0.0,0.0,0.0,Topic 1,Cluster 1
Doc 126,0.06,0.01,0.0,0.87,0.0,0.0,0.05,Topic 3,Cluster 1
Doc 127,0.0,0.0,0.0,0.0,0.98,0.0,0.0,Topic 4,Cluster 1
Doc 128,0.4,0.0,0.0,0.0,0.6,0.0,0.0,Topic 4,Cluster 1
Doc 129,0.0,0.0,0.0,0.0,0.68,0.0,0.32,Topic 4,Cluster 1
Doc 130,0.0,0.0,0.14,0.06,0.76,0.0,0.04,Topic 4,Cluster 1
Doc 131,0.22,0.77,0.0,0.0,0.0,0.0,0.0,Topic 1,Cluster 1
Doc 132,0.0,0.0,0.0,0.99,0.0,0.0,0.0,Topic 3,Cluster 1
Doc 133,0.0,0.0,0.0,0.91,0.08,0.0,0.0,Topic 3,Cluster 1
Doc 134,0.0,0.0,0.26,0.0,0.74,0.0,0.0,Topic 4,Cluster 1
Doc 135,0.48,0.0,0.0,0.16,0.0,0.0,0.36,Topic 0,Cluster 1
Doc 136,0.02,0.9,0.08,0.0,0.0,0.0,0.0,Topic 1,Cluster 1
Doc 137,0.0,0.0,0.0,0.82,0.0,0.0,0.18,Topic 3,Cluster 1
Doc 138,1.0,0.0,0.0,0.0,0.0,0.0,0.0,Topic 0,Cluster 1
Doc 139,0.0,0.0,0.0,0.0,0.99,0.0,0.0,Topic 4,Cluster 1
Doc 140,0.0,0.0,0.0,0.99,0.0,0.0,0.0,Topic 3,Cluster 1
Doc 141,0.0,0.0,0.0,1.0,0.0,0.0,0.0,Topic 3,Cluster 1
Doc 142,0.0,0.0,0.0,0.0,0.99,0.0,0.0,Topic 4,Cluster 1
Doc 143,0.0,0.0,0.0,0.0,0.0,0.0,0.99,Topic 6,Cluster 1
Doc 144,0.0,0.07,0.0,0.92,0.0,0.0,0.0,Topic 3,Cluster 1
Doc 145,0.07,0.16,0.21,0.0,0.56,0.0,0.0,Topic 4,Cluster 1
Doc 146,0.0,0.0,0.0,1.0,0.0,0.0,0.0,Topic 3,Cluster 1
Doc 147,0.0,0.0,1.0,0.0,0.0,0.0,0.0,Topic 2,Cluster 1
Doc 148,0.0,0.17,0.0,0.82,0.0,0.0,0.0,Topic 3,Cluster 1
Doc 149,0.0,0.0,0.0,1.0,0.0,0.0,0.0,Topic 3,Cluster 1
Doc 150,0.0,0.0,0.0,0.0,0.3,0.0,0.69,Topic 6,Cluster 1
Doc 151,0.0,0.0,0.0,1.0,0.0,0.0,0.0,Topic 3,Cluster 1
Doc 152,0.0,0.0,0.0,0.0,0.0,0.0,0.99,Topic 6,Cluster 1
Doc 153,0.0,0.0,0.88,0.12,0.0,0.0,0.0,Topic 2,Cluster 1
Doc 154,0.0,0.0,0.99,0.0,0.0,0.01,0.0,Topic 2,Cluster 1
Doc 155,0.0,0.0,0.31,0.0,0.0,0.69,0.0,Topic 5,Cluster 1
Doc 156,0.28,0.0,0.0,0.0,0.0,0.05,0.64,Topic 6,Cluster 1
Doc 157,0.0,1.0,0.0,0.0,0.0,0.0,0.0,Topic 1,Cluster 1
Doc 158,0.0,0.96,0.0,0.03,0.0,0.0,0.0,Topic 1,Cluster 1
Doc 159,0.05,0.0,0.0,0.95,0.0,0.0,0.0,Topic 3,Cluster 1
Doc 160,0.0,0.0,0.0,0.99,0.0,0.0,0.0,Topic 3,Cluster 1
Doc 161,0.0,0.0,0.0,1.0,0.0,0.0,0.0,Topic 3,Cluster 1
Doc 162,0.39,0.0,0.34,0.0,0.0,0.28,0.0,Topic 0,Cluster 1
Doc 163,0.0,1.0,0.0,0.0,0.0,0.0,0.0,Topic 1,Cluster 1
Doc 164,0.99,0.0,0.0,0.0,0.0,0.0,0.0,Topic 0,Cluster 1
Doc 165,0.15,0.0,0.17,0.68,0.0,0.0,0.0,Topic 3,Cluster 1
Doc 166,0.74,0.0,0.05,0.1,0.11,0.0,0.0,Topic 0,Cluster 1
Doc 167,0.2,0.04,0.0,0.1,0.62,0.0,0.04,Topic 4,Cluster 1
Doc 168,0.11,0.14,0.13,0.24,0.03,0.0,0.36,Topic 6,Cluster 1
Doc 169,0.08,0.0,0.0,0.0,0.64,0.28,0.0,Topic 4,Cluster 1
Doc 170,0.0,1.0,0.0,0.0,0.0,0.0,0.0,Topic 1,Cluster 1
Doc 171,0.0,0.0,0.0,0.99,0.0,0.0,0.0,Topic 3,Cluster 1
Doc 172,0.0,0.0,0.0,1.0,0.0,0.0,0.0,Topic 3,Cluster 1
Doc 173,0.0,0.0,0.0,0.0,0.0,1.0,0.0,Topic 5,Cluster 1
Doc 174,0.0,0.0,0.53,0.0,0.26,0.12,0.08,Topic 2,Cluster 1
Doc 175,0.0,0.0,0.0,1.0,0.0,0.0,0.0,Topic 3,Cluster 1
Doc 176,0.38,0.2,0.0,0.42,0.0,0.0,0.0,Topic 3,Cluster 1
Doc 177,0.0,0.0,0.0,0.0,0.0,0.4,0.59,Topic 6,Cluster 1
Doc 178,0.0,0.0,1.0,0.0,0.0,0.0,0.0,Topic 2,Cluster 1
Doc 179,0.0,0.0,0.0,1.0,0.0,0.0,0.0,Topic 3,Cluster 1
Doc 180,0.0,0.84,0.0,0.15,0.0,0.0,0.0,Topic 1,Cluster 1
Doc 181,0.0,0.0,0.99,0.0,0.0,0.0,0.0,Topic 2,Cluster 1
Doc 182,0.0,0.0,0.61,0.0,0.0,0.32,0.07,Topic 2,Cluster 1
Doc 183,0.0,0.0,0.21,0.78,0.0,0.0,0.0,Topic 3,Cluster 1
Doc 184,0.0,0.0,0.0,1.0,0.0,0.0,0.0,Topic 3,Cluster 1
Doc 185,0.04,0.53,0.11,0.06,0.26,0.0,0.0,Topic 1,Cluster 1
Doc 186,0.0,0.0,0.0,0.87,0.0,0.13,0.0,Topic 3,Cluster 1
Doc 187,0.35,0.0,0.0,0.0,0.43,0.0,0.2,Topic 4,Cluster 1
Doc 188,0.0,0.0,1.0,0.0,0.0,0.0,0.0,Topic 2,Cluster 1
Doc 189,0.0,0.0,0.0,0.05,0.32,0.62,0.0,Topic 5,Cluster 1
Doc 190,0.08,0.0,0.0,0.05,0.86,0.0,0.0,Topic 4,Cluster 1
Doc 191,0.0,0.0,0.0,1.0,0.0,0.0,0.0,Topic 3,Cluster 1
Doc 192,0.0,0.0,0.0,0.0,0.66,0.0,0.32,Topic 4,Cluster 1
Doc 193,0.0,0.73,0.17,0.1,0.0,0.0,0.0,Topic 1,Cluster 1
Doc 194,0.0,0.0,0.0,0.0,0.0,1.0,0.0,Topic 5,Cluster 1
Doc 195,0.97,0.0,0.0,0.02,0.0,0.0,0.0,Topic 0,Cluster 1
Doc 196,0.0,0.0,0.0,1.0,0.0,0.0,0.0,Topic 3,Cluster 1
Doc 197,0.16,0.0,0.0,0.0,0.83,0.0,0.0,Topic 4,Cluster 1
Doc 198,0.0,0.0,0.0,0.0,0.59,0.0,0.41,Topic 4,Cluster 1
Doc 199,0.14,0.51,0.0,0.0,0.34,0.0,0.0,Topic 1,Cluster 1
Doc 200,0.01,0.01,0.01,0.01,0.01,0.01,0.97,Topic 6,Cluster 1
Doc 201,0.0,0.0,0.0,0.0,0.96,0.03,0.0,Topic 4,Cluster 1
Doc 202,0.0,0.14,0.04,0.76,0.0,0.0,0.06,Topic 3,Cluster 1
Doc 203,0.77,0.0,0.02,0.13,0.0,0.08,0.0,Topic 0,Cluster 1
Doc 204,0.0,0.0,0.0,0.99,0.0,0.0,0.0,Topic 3,Cluster 1
Doc 205,0.53,0.0,0.0,0.06,0.0,0.0,0.4,Topic 0,Cluster 1
Doc 206,0.0,0.0,0.31,0.0,0.0,0.69,0.0,Topic 5,Cluster 1
Doc 207,0.0,0.0,0.03,0.0,0.0,0.09,0.87,Topic 6,Cluster 1
Doc 208,0.04,0.0,0.0,0.0,0.0,0.96,0.0,Topic 5,Cluster 1
Doc 209,0.0,0.0,0.0,0.85,0.0,0.0,0.15,Topic 3,Cluster 1
Doc 210,0.0,0.0,0.0,0.95,0.0,0.0,0.04,Topic 3,Cluster 1
Doc 211,0.0,0.0,1.0,0.0,0.0,0.0,0.0,Topic 2,Cluster 1
Doc 212,0.0,1.0,0.0,0.0,0.0,0.0,0.0,Topic 1,Cluster 1
Doc 213,0.0,0.0,0.0,0.0,0.0,1.0,0.0,Topic 5,Cluster 1
Doc 214,0.07,0.0,0.07,0.86,0.0,0.0,0.0,Topic 3,Cluster 1
Doc 215,0.99,0.0,0.0,0.0,0.0,0.0,0.0,Topic 0,Cluster 1
Doc 216,0.0,0.65,0.0,0.01,0.0,0.33,0.0,Topic 1,Cluster 1
Doc 217,0.0,0.0,0.0,0.0,1.0,0.0,0.0,Topic 4,Cluster 1
Doc 218,0.0,0.0,0.23,0.0,0.04,0.74,0.0,Topic 5,Cluster 1
Doc 219,0.0,0.0,0.0,0.0,0.0,0.0,0.98,Topic 6,Cluster 1
Doc 220,0.31,0.0,0.27,0.42,0.0,0.0,0.0,Topic 3,Cluster 1
Doc 221,0.0,0.0,0.0,1.0,0.0,0.0,0.0,Topic 3,Cluster 1
Doc 222,0.0,0.22,0.0,0.0,0.0,0.0,0.77,Topic 6,Cluster 1
Doc 223,0.0,0.0,0.58,0.0,0.0,0.42,0.0,Topic 2,Cluster 1
Doc 224,0.0,0.52,0.47,0.0,0.0,0.0,0.0,Topic 1,Cluster 1
Doc 225,0.0,0.0,0.0,0.12,0.0,0.0,0.88,Topic 6,Cluster 1
Doc 226,0.0,0.0,1.0,0.0,0.0,0.0,0.0,Topic 2,Cluster 1
Doc 227,0.04,0.0,0.0,0.96,0.0,0.0,0.0,Topic 3,Cluster 1
Doc 228,0.0,0.0,0.0,0.5,0.5,0.0,0.0,Topic 3,Cluster 1
Doc 229,0.0,0.0,0.0,1.0,0.0,0.0,0.0,Topic 3,Cluster 1
Doc 230,0.64,0.0,0.0,0.05,0.0,0.11,0.18,Topic 0,Cluster 1
Doc 231,1.0,0.0,0.0,0.0,0.0,0.0,0.0,Topic 0,Cluster 1
Doc 232,0.0,0.0,0.0,0.0,0.0,0.99,0.0,Topic 5,Cluster 1
Doc 233,0.0,0.0,0.0,0.12,0.23,0.12,0.53,Topic 6,Cluster 1
Doc 234,0.32,0.0,0.0,0.04,0.34,0.0,0.3,Topic 4,Cluster 1
Doc 235,0.0,0.0,0.0,0.88,0.0,0.11,0.0,Topic 3,Cluster 1
Doc 236,0.0,0.0,0.31,0.05,0.63,0.0,0.0,Topic 4,Cluster 1
Doc 237,0.0,0.0,0.03,0.94,0.0,0.03,0.0,Topic 3,Cluster 1
Doc 238,0.0,0.09,0.0,0.0,0.3,0.22,0.39,Topic 6,Cluster 1
Doc 239,0.39,0.08,0.0,0.05,0.02,0.47,0.0,Topic 5,Cluster 1
Doc 240,0.0,0.0,0.25,0.74,0.0,0.0,0.0,Topic 3,Cluster 1
Doc 241,0.09,0.9,0.0,0.0,0.0,0.0,0.0,Topic 1,Cluster 1
Doc 242,0.0,0.0,0.0,1.0,0.0,0.0,0.0,Topic 3,Cluster 1
Doc 243,0.0,0.0,0.27,0.0,0.0,0.72,0.0,Topic 5,Cluster 1
Doc 244,0.3,0.0,0.23,0.23,0.24,0.0,0.0,Topic 0,Cluster 1
Doc 245,0.99,0.0,0.0,0.0,0.0,0.0,0.0,Topic 0,Cluster 1
Doc 246,1.0,0.0,0.0,0.0,0.0,0.0,0.0,Topic 0,Cluster 1
Doc 247,0.0,0.06,0.0,0.0,0.93,0.0,0.0,Topic 4,Cluster 1
Doc 248,0.0,0.69,0.3,0.0,0.0,0.0,0.0,Topic 1,Cluster 1
Doc 249,0.0,0.0,0.99,0.0,0.0,0.0,0.0,Topic 2,Cluster 1
Doc 250,0.0,0.0,0.0,0.0,0.56,0.44,0.0,Topic 4,Cluster 1
Doc 251,0.0,1.0,0.0,0.0,0.0,0.0,0.0,Topic 1,Cluster 1
Doc 252,0.0,0.13,0.0,0.87,0.0,0.0,0.0,Topic 3,Cluster 1
Doc 253,0.0,0.0,0.75,0.0,0.0,0.25,0.0,Topic 2,Cluster 1
Doc 254,0.27,0.0,0.62,0.0,0.0,0.1,0.0,Topic 2,Cluster 1
Doc 255,0.0,0.0,0.0,0.0,0.11,0.43,0.46,Topic 6,Cluster 1
Doc 256,0.31,0.17,0.4,0.02,0.1,0.0,0.0,Topic 2,Cluster 1
Doc 257,0.0,0.0,0.0,0.0,0.0,1.0,0.0,Topic 5,Cluster 1
Doc 258,0.0,0.0,0.0,0.72,0.0,0.02,0.25,Topic 3,Cluster 1
Doc 259,0.11,0.0,0.85,0.04,0.0,0.0,0.0,Topic 2,Cluster 1
Doc 260,0.0,0.0,0.26,0.0,0.16,0.0,0.57,Topic 6,Cluster 1
Doc 261,0.0,0.0,0.87,0.0,0.0,0.0,0.12,Topic 2,Cluster 1
Doc 262,0.03,0.0,0.09,0.89,0.0,0.0,0.0,Topic 3,Cluster 1
Doc 263,0.11,0.0,0.07,0.71,0.11,0.0,0.0,Topic 3,Cluster 1
Doc 264,0.25,0.0,0.08,0.0,0.67,0.0,0.0,Topic 4,Cluster 1
Doc 265,0.0,0.0,0.2,0.0,0.17,0.0,0.62,Topic 6,Cluster 1
Doc 266,0.0,0.0,0.0,0.0,1.0,0.0,0.0,Topic 4,Cluster 1
Doc 267,1.0,0.0,0.0,0.0,0.0,0.0,0.0,Topic 0,Cluster 1
Doc 268,0.0,0.0,0.0,1.0,0.0,0.0,0.0,Topic 3,Cluster 1
Doc 269,0.0,0.0,0.0,0.0,0.1,0.82,0.07,Topic 5,Cluster 1
Doc 270,0.51,0.07,0.03,0.38,0.0,0.0,0.0,Topic 0,Cluster 1
Doc 271,0.0,0.0,0.84,0.0,0.16,0.0,0.0,Topic 2,Cluster 1
Doc 272,0.0,0.0,0.0,0.0,0.0,1.0,0.0,Topic 5,Cluster 1
Doc 273,1.0,0.0,0.0,0.0,0.0,0.0,0.0,Topic 0,Cluster 1
Doc 274,0.0,0.0,0.99,0.0,0.0,0.0,0.0,Topic 2,Cluster 1
Doc 275,0.67,0.0,0.0,0.0,0.32,0.0,0.0,Topic 0,Cluster 1
Doc 276,0.0,0.0,0.0,1.0,0.0,0.0,0.0,Topic 3,Cluster 1
Doc 277,0.51,0.0,0.33,0.0,0.08,0.08,0.0,Topic 0,Cluster 1
Doc 278,0.0,0.04,0.0,0.16,0.1,0.7,0.0,Topic 5,Cluster 1
Doc 279,0.0,0.0,0.0,0.0,0.0,0.4,0.6,Topic 6,Cluster 1
Doc 280,0.0,0.0,0.79,0.0,0.21,0.0,0.0,Topic 2,Cluster 1
Doc 281,0.0,0.0,1.0,0.0,0.0,0.0,0.0,Topic 2,Cluster 1
Doc 282,0.0,0.0,0.0,0.0,0.99,0.0,0.0,Topic 4,Cluster 1
Doc 283,0.67,0.0,0.0,0.0,0.0,0.0,0.32,Topic 0,Cluster 1
Doc 284,0.0,0.0,0.99,0.0,0.0,0.0,0.0,Topic 2,Cluster 1
Doc 285,0.9,0.0,0.0,0.1,0.0,0.0,0.0,Topic 0,Cluster 1
Doc 286,0.0,0.0,0.0,0.0,0.0,1.0,0.0,Topic 5,Cluster 1
Doc 287,0.46,0.0,0.12,0.32,0.0,0.1,0.0,Topic 0,Cluster 1
Doc 288,0.0,0.0,0.0,1.0,0.0,0.0,0.0,Topic 3,Cluster 1
Doc 289,0.0,0.18,0.0,0.56,0.0,0.04,0.22,Topic 3,Cluster 1
Doc 290,0.0,0.0,0.0,1.0,0.0,0.0,0.0,Topic 3,Cluster 1
Doc 291,0.0,0.0,0.0,0.0,0.0,0.17,0.83,Topic 6,Cluster 1
Doc 292,0.05,0.0,0.0,0.86,0.0,0.0,0.09,Topic 3,Cluster 1
Doc 293,0.0,0.0,0.0,0.99,0.0,0.0,0.0,Topic 3,Cluster 1
Doc 294,0.0,0.15,0.0,0.84,0.0,0.0,0.0,Topic 3,Cluster 1
Doc 295,1.0,0.0,0.0,0.0,0.0,0.0,0.0,Topic 0,Cluster 1
Doc 296,0.08,0.0,0.73,0.19,0.0,0.0,0.0,Topic 2,Cluster 1
Doc 297,0.0,0.0,0.0,0.0,1.0,0.0,0.0,Topic 4,Cluster 1
Doc 298,1.0,0.0,0.0,0.0,0.0,0.0,0.0,Topic 0,Cluster 1
Doc 299,0.0,0.0,0.27,0.0,0.72,0.0,0.0,Topic 4,Cluster 1
Doc 300,0.0,0.99,0.0,0.0,0.0,0.0,0.0,Topic 1,Cluster 1
Doc 301,0.0,0.0,0.0,0.0,0.64,0.36,0.0,Topic 4,Cluster 1
Doc 302,0.0,0.0,0.75,0.0,0.0,0.24,0.0,Topic 2,Cluster 1
Doc 303,0.0,0.0,0.0,0.0,0.99,0.0,0.0,Topic 4,Cluster 1
Doc 304,0.0,0.0,0.0,1.0,0.0,0.0,0.0,Topic 3,Cluster 1
Doc 305,0.0,1.0,0.0,0.0,0.0,0.0,0.0,Topic 1,Cluster 1
Doc 306,0.0,0.0,0.0,0.0,0.18,0.81,0.0,Topic 5,Cluster 1
Doc 307,0.0,0.0,0.0,0.0,0.3,0.69,0.0,Topic 5,Cluster 1
Doc 308,0.01,0.01,0.01,0.01,0.01,0.01,0.96,Topic 6,Cluster 1
Doc 309,0.0,0.0,0.0,0.0,0.74,0.25,0.0,Topic 4,Cluster 1
Doc 310,0.0,0.06,0.11,0.8,0.0,0.0,0.03,Topic 3,Cluster 1
Doc 311,0.0,0.0,0.77,0.0,0.0,0.0,0.22,Topic 2,Cluster 1
Doc 312,0.99,0.0,0.0,0.0,0.0,0.0,0.0,Topic 0,Cluster 1
Doc 313,0.46,0.0,0.35,0.19,0.0,0.0,0.0,Topic 0,Cluster 1
Doc 314,0.0,0.0,0.0,0.0,0.99,0.0,0.0,Topic 4,Cluster 1
Doc 315,0.12,0.0,0.0,0.35,0.0,0.53,0.0,Topic 5,Cluster 1
Doc 316,0.71,0.04,0.0,0.0,0.03,0.22,0.0,Topic 0,Cluster 1
Doc 317,0.0,0.0,0.0,0.0,0.57,0.0,0.42,Topic 4,Cluster 1
Doc 318,0.0,0.82,0.18,0.0,0.0,0.0,0.0,Topic 1,Cluster 1
Doc 319,0.91,0.0,0.0,0.0,0.0,0.08,0.0,Topic 0,Cluster 1
Doc 320,0.0,0.0,0.0,1.0,0.0,0.0,0.0,Topic 3,Cluster 1
Doc 321,0.0,0.0,0.0,0.0,0.99,0.0,0.0,Topic 4,Cluster 1
Doc 322,0.02,0.0,0.0,0.98,0.0,0.0,0.0,Topic 3,Cluster 1
Doc 323,0.0,0.0,0.74,0.22,0.03,0.0,0.0,Topic 2,Cluster 1
Doc 324,0.27,0.0,0.0,0.72,0.0,0.0,0.0,Topic 3,Cluster 1
Doc 325,0.0,0.61,0.39,0.0,0.0,0.0,0.0,Topic 1,Cluster 1
Doc 326,0.25,0.0,0.08,0.0,0.67,0.0,0.0,Topic 4,Cluster 1
Doc 327,0.33,0.0,0.14,0.16,0.36,0.0,0.0,Topic 4,Cluster 1
Doc 328,0.0,0.0,0.24,0.2,0.55,0.0,0.0,Topic 4,Cluster 1
Doc 329,0.99,0.0,0.0,0.0,0.0,0.0,0.0,Topic 0,Cluster 1
Doc 330,0.0,0.0,0.0,1.0,0.0,0.0,0.0,Topic 3,Cluster 1
Doc 331,0.0,0.0,0.0,0.99,0.0,0.0,0.0,Topic 3,Cluster 1
Doc 332,0.0,0.0,0.0,0.0,0.99,0.0,0.0,Topic 4,Cluster 1
Doc 333,0.0,0.0,0.0,0.0,0.55,0.45,0.0,Topic 4,Cluster 1
Doc 334,0.0,0.0,0.7,0.3,0.0,0.0,0.0,Topic 2,Cluster 1
Doc 335,0.0,0.0,0.0,0.0,0.99,0.0,0.0,Topic 4,Cluster 1
Doc 336,0.0,0.0,0.26,0.68,0.0,0.0,0.06,Topic 3,Cluster 1
Doc 337,0.22,0.0,0.0,0.72,0.0,0.0,0.05,Topic 3,Cluster 1
Doc 338,0.0,0.57,0.3,0.01,0.11,0.0,0.0,Topic 1,Cluster 1
Doc 339,0.06,0.02,0.92,0.0,0.0,0.0,0.0,Topic 2,Cluster 1
Doc 340,0.0,0.06,0.75,0.19,0.0,0.0,0.0,Topic 2,Cluster 1
Doc 341,0.0,0.0,0.0,1.0,0.0,0.0,0.0,Topic 3,Cluster 1
Doc 342,0.0,0.5,0.0,0.0,0.0,0.5,0.0,Topic 1,Cluster 1
Doc 343,0.0,0.0,1.0,0.0,0.0,0.0,0.0,Topic 2,Cluster 1
Doc 344,0.15,0.0,0.0,0.78,0.01,0.0,0.06,Topic 3,Cluster 1
Doc 345,0.0,0.0,1.0,0.0,0.0,0.0,0.0,Topic 2,Cluster 1
Doc 346,0.0,0.0,0.0,0.94,0.0,0.06,0.0,Topic 3,Cluster 1
Doc 347,0.0,0.0,0.0,1.0,0.0,0.0,0.0,Topic 3,Cluster 1
Doc 348,0.0,0.0,0.0,0.27,0.13,0.0,0.6,Topic 6,Cluster 1
Doc 349,0.0,0.0,0.0,0.0,0.0,0.42,0.56,Topic 6,Cluster 1
Doc 350,0.0,0.0,0.45,0.55,0.0,0.0,0.0,Topic 3,Cluster 1
Doc 351,0.0,0.0,0.0,0.99,0.0,0.0,0.0,Topic 3,Cluster 1
Doc 352,0.0,0.06,0.0,0.05,0.83,0.0,0.06,Topic 4,Cluster 1
Doc 353,0.17,0.83,0.0,0.0,0.0,0.0,0.0,Topic 1,Cluster 1
Doc 354,0.0,0.0,0.35,0.56,0.0,0.0,0.08,Topic 3,Cluster 1
Doc 355,0.21,0.0,0.0,0.79,0.0,0.0,0.0,Topic 3,Cluster 1
Doc 356,0.65,0.15,0.14,0.0,0.06,0.0,0.0,Topic 0,Cluster 1
Doc 357,0.0,0.0,0.29,0.0,0.71,0.0,0.0,Topic 4,Cluster 1
Doc 358,0.01,0.01,0.01,0.01,0.3,0.01,0.66,Topic 6,Cluster 1
Doc 359,0.0,0.0,0.94,0.06,0.0,0.0,0.0,Topic 2,Cluster 1
Doc 360,0.0,0.0,0.0,1.0,0.0,0.0,0.0,Topic 3,Cluster 1
Doc 361,0.01,0.01,0.01,0.01,0.34,0.01,0.63,Topic 6,Cluster 1
Doc 362,0.2,0.0,0.17,0.21,0.0,0.42,0.0,Topic 5,Cluster 1
Doc 363,0.0,0.0,0.0,1.0,0.0,0.0,0.0,Topic 3,Cluster 1
Doc 364,0.0,0.0,0.0,0.99,0.0,0.0,0.0,Topic 3,Cluster 1
Doc 365,0.0,0.0,0.0,0.0,0.0,0.0,1.0,Topic 6,Cluster 1
Doc 366,0.07,0.0,0.0,0.93,0.0,0.0,0.0,Topic 3,Cluster 1
Doc 367,0.08,0.12,0.0,0.3,0.0,0.5,0.0,Topic 5,Cluster 1
Doc 368,0.0,0.76,0.24,0.0,0.0,0.0,0.0,Topic 1,Cluster 1
Doc 369,0.0,0.0,0.19,0.0,0.0,0.8,0.0,Topic 5,Cluster 1
Doc 370,0.0,1.0,0.0,0.0,0.0,0.0,0.0,Topic 1,Cluster 1
Doc 371,0.18,0.0,0.81,0.0,0.0,0.0,0.0,Topic 2,Cluster 1
Doc 372,0.0,0.87,0.13,0.0,0.0,0.0,0.0,Topic 1,Cluster 1
Doc 373,0.0,0.0,0.0,1.0,0.0,0.0,0.0,Topic 3,Cluster 1
Doc 374,0.0,0.0,0.79,0.0,0.0,0.0,0.2,Topic 2,Cluster 1
Doc 375,0.81,0.0,0.0,0.0,0.0,0.19,0.0,Topic 0,Cluster 1
Doc 376,0.0,0.0,0.0,0.0,0.44,0.55,0.0,Topic 5,Cluster 1
Doc 377,0.0,0.52,0.17,0.31,0.0,0.0,0.0,Topic 1,Cluster 1
Doc 378,0.0,0.0,0.0,0.99,0.0,0.0,0.0,Topic 3,Cluster 1
Doc 379,0.0,0.0,0.0,0.0,0.0,0.31,0.68,Topic 6,Cluster 1
Doc 380,0.0,0.0,0.0,0.99,0.0,0.0,0.0,Topic 3,Cluster 1
Doc 381,0.18,0.0,0.81,0.0,0.0,0.0,0.0,Topic 2,Cluster 1
Doc 382,0.13,0.0,0.75,0.0,0.11,0.0,0.0,Topic 2,Cluster 1
Doc 383,0.0,0.0,0.0,0.0,0.98,0.0,0.02,Topic 4,Cluster 1
Doc 384,0.15,0.0,0.84,0.0,0.0,0.0,0.0,Topic 2,Cluster 1
Doc 385,0.08,0.0,0.0,0.0,0.0,0.91,0.0,Topic 5,Cluster 1
Doc 386,0.19,0.0,0.04,0.4,0.35,0.0,0.02,Topic 3,Cluster 1
Doc 387,0.21,0.0,0.19,0.6,0.0,0.0,0.0,Topic 3,Cluster 1
Doc 388,0.0,1.0,0.0,0.0,0.0,0.0,0.0,Topic 1,Cluster 1
Doc 389,0.0,0.0,0.0,0.0,0.34,0.42,0.24,Topic 5,Cluster 1
Doc 390,0.0,0.0,0.0,0.16,0.21,0.45,0.17,Topic 5,Cluster 1
Doc 391,0.0,0.0,0.0,0.0,0.99,0.0,0.0,Topic 4,Cluster 1
Doc 392,0.0,0.0,1.0,0.0,0.0,0.0,0.0,Topic 2,Cluster 1
Doc 393,0.01,0.01,0.23,0.31,0.01,0.01,0.44,Topic 6,Cluster 1
Doc 394,0.0,0.0,0.0,1.0,0.0,0.0,0.0,Topic 3,Cluster 1
Doc 395,0.0,0.0,0.0,1.0,0.0,0.0,0.0,Topic 3,Cluster 1
Doc 396,0.0,0.0,1.0,0.0,0.0,0.0,0.0,Topic 2,Cluster 1
Doc 397,0.0,0.0,1.0,0.0,0.0,0.0,0.0,Topic 2,Cluster 1
Doc 398,0.15,0.0,0.0,0.76,0.0,0.0,0.08,Topic 3,Cluster 1
Doc 399,0.0,0.0,0.0,1.0,0.0,0.0,0.0,Topic 3,Cluster 1
Doc 400,0.0,0.0,0.0,0.0,0.48,0.52,0.0,Topic 5,Cluster 1
Doc 401,0.06,0.0,0.05,0.0,0.89,0.0,0.0,Topic 4,Cluster 1
Doc 402,0.0,0.0,0.0,0.0,1.0,0.0,0.0,Topic 4,Cluster 1
Doc 403,0.22,0.0,0.33,0.0,0.0,0.44,0.0,Topic 5,Cluster 1
Doc 404,0.0,0.0,0.0,0.99,0.0,0.0,0.0,Topic 3,Cluster 1
Doc 405,0.02,0.0,0.0,0.98,0.0,0.0,0.01,Topic 3,Cluster 1
Doc 406,0.0,0.23,0.0,0.0,0.2,0.0,0.57,Topic 6,Cluster 1
Doc 407,0.22,0.0,0.0,0.76,0.0,0.0,0.02,Topic 3,Cluster 1
Doc 408,0.0,0.15,0.0,0.0,0.85,0.0,0.0,Topic 4,Cluster 1
Doc 409,0.0,0.0,0.04,0.95,0.0,0.0,0.0,Topic 3,Cluster 1
Doc 410,0.13,0.0,0.0,0.0,0.34,0.0,0.52,Topic 6,Cluster 1
Doc 411,0.32,0.0,0.09,0.58,0.0,0.0,0.0,Topic 3,Cluster 1
Doc 412,0.0,0.0,1.0,0.0,0.0,0.0,0.0,Topic 2,Cluster 1
Doc 413,0.0,0.24,0.03,0.09,0.65,0.0,0.0,Topic 4,Cluster 1
Doc 414,0.0,0.0,1.0,0.0,0.0,0.0,0.0,Topic 2,Cluster 1
Doc 415,0.0,0.0,0.0,0.0,1.0,0.0,0.0,Topic 4,Cluster 1
Doc 416,0.17,0.0,0.27,0.56,0.0,0.0,0.0,Topic 3,Cluster 1
Doc 417,0.0,0.0,0.0,0.0,0.0,0.0,1.0,Topic 6,Cluster 1
Doc 418,0.04,0.0,0.0,0.95,0.0,0.0,0.0,Topic 3,Cluster 1
Doc 419,0.0,0.0,0.0,0.79,0.03,0.0,0.17,Topic 3,Cluster 1
Doc 420,0.01,0.01,0.28,0.01,0.01,0.01,0.7,Topic 6,Cluster 1
Doc 421,0.0,0.0,0.0,0.0,0.63,0.37,0.0,Topic 4,Cluster 1
Doc 422,0.0,0.0,1.0,0.0,0.0,0.0,0.0,Topic 2,Cluster 1
Doc 423,0.0,0.0,0.0,0.0,0.0,0.55,0.43,Topic 5,Cluster 1
Doc 424,0.27,0.02,0.0,0.59,0.0,0.0,0.12,Topic 3,Cluster 1
Doc 425,0.16,0.08,0.0,0.4,0.0,0.36,0.0,Topic 3,Cluster 1
Doc 426,0.86,0.0,0.14,0.0,0.0,0.0,0.0,Topic 0,Cluster 1
Doc 427,0.23,0.0,0.0,0.55,0.0,0.22,0.0,Topic 3,Cluster 1
Doc 428,0.0,0.0,0.0,1.0,0.0,0.0,0.0,Topic 3,Cluster 1
Doc 429,0.0,0.0,0.0,1.0,0.0,0.0,0.0,Topic 3,Cluster 1
Doc 430,0.0,1.0,0.0,0.0,0.0,0.0,0.0,Topic 1,Cluster 1
Doc 431,0.0,0.0,0.0,0.99,0.0,0.0,0.0,Topic 3,Cluster 1
Doc 432,0.0,0.0,0.0,0.08,0.0,0.92,0.0,Topic 5,Cluster 1
Doc 433,1.0,0.0,0.0,0.0,0.0,0.0,0.0,Topic 0,Cluster 1
Doc 434,0.0,0.0,0.0,0.0,0.0,0.0,0.99,Topic 6,Cluster 1
Doc 435,0.0,0.0,0.0,0.0,0.0,0.0,1.0,Topic 6,Cluster 1
Doc 436,0.0,0.0,0.0,0.0,0.0,0.5,0.5,Topic 5,Cluster 1
Doc 437,0.0,0.37,0.29,0.34,0.0,0.0,0.0,Topic 1,Cluster 1
Doc 438,0.0,0.0,0.0,0.99,0.0,0.0,0.0,Topic 3,Cluster 1
Doc 439,0.0,0.0,0.0,0.0,0.0,0.61,0.38,Topic 5,Cluster 1
Doc 440,0.0,0.33,0.0,0.47,0.2,0.0,0.0,Topic 3,Cluster 1
Doc 441,0.0,0.0,0.28,0.0,0.62,0.1,0.0,Topic 4,Cluster 1
Doc 442,0.16,0.0,0.0,0.84,0.0,0.0,0.0,Topic 3,Cluster 1
Doc 443,0.0,0.0,0.0,0.0,0.0,0.64,0.36,Topic 5,Cluster 1
Doc 444,0.0,0.05,0.0,0.94,0.0,0.0,0.0,Topic 3,Cluster 1
Doc 445,0.0,0.0,0.0,0.0,0.95,0.04,0.0,Topic 4,Cluster 1
Doc 446,0.0,0.0,0.0,0.0,1.0,0.0,0.0,Topic 4,Cluster 1
Doc 447,0.64,0.06,0.15,0.01,0.13,0.0,0.0,Topic 0,Cluster 1
Doc 448,0.0,0.0,0.0,0.0,0.98,0.0,0.0,Topic 4,Cluster 1
Doc 449,0.0,0.06,0.0,0.0,0.69,0.25,0.0,Topic 4,Cluster 1
Doc 450,0.0,0.0,0.0,0.97,0.0,0.0,0.03,Topic 3,Cluster 1
Doc 451,0.49,0.0,0.0,0.0,0.0,0.08,0.43,Topic 0,Cluster 1
Doc 452,0.16,0.04,0.0,0.0,0.42,0.38,0.0,Topic 4,Cluster 1
Doc 453,0.0,0.0,0.0,0.0,0.99,0.0,0.0,Topic 4,Cluster 1
Doc 454,0.0,0.0,0.0,0.0,0.0,0.62,0.37,Topic 5,Cluster 1
Doc 455,0.0,0.14,0.0,0.47,0.29,0.0,0.09,Topic 3,Cluster 1
Doc 456,0.0,0.0,0.0,1.0,0.0,0.0,0.0,Topic 3,Cluster 1
Doc 457,0.0,0.06,0.22,0.0,0.11,0.0,0.61,Topic 6,Cluster 1
Doc 458,0.0,0.0,0.0,0.89,0.0,0.0,0.11,Topic 3,Cluster 1
Doc 459,0.0,0.0,0.05,0.91,0.0,0.03,0.0,Topic 3,Cluster 1
Doc 460,0.09,0.0,0.65,0.0,0.25,0.0,0.0,Topic 2,Cluster 1
Doc 461,0.0,0.0,0.0,0.0,0.17,0.0,0.81,Topic 6,Cluster 1
Doc 462,0.0,0.0,0.24,0.76,0.0,0.0,0.0,Topic 3,Cluster 1
Doc 463,0.0,0.0,0.0,1.0,0.0,0.0,0.0,Topic 3,Cluster 1
Doc 464,0.0,0.0,0.02,0.0,0.08,0.05,0.84,Topic 6,Cluster 1
Doc 465,0.26,0.0,0.0,0.74,0.0,0.0,0.0,Topic 3,Cluster 1
Doc 466,0.0,0.0,0.0,0.0,0.81,0.0,0.19,Topic 4,Cluster 1
Doc 467,0.0,0.0,0.0,0.0,0.98,0.0,0.0,Topic 4,Cluster 1
Doc 468,0.0,0.0,1.0,0.0,0.0,0.0,0.0,Topic 2,Cluster 1
Doc 469,0.0,0.0,0.0,0.0,0.98,0.0,0.0,Topic 4,Cluster 1
Doc 470,0.0,0.0,0.0,1.0,0.0,0.0,0.0,Topic 3,Cluster 1
Doc 471,0.05,0.0,0.0,0.94,0.0,0.0,0.0,Topic 3,Cluster 1
Doc 472,0.0,0.0,0.46,0.33,0.0,0.04,0.17,Topic 2,Cluster 1
Doc 473,0.99,0.0,0.0,0.0,0.0,0.0,0.0,Topic 0,Cluster 1
Doc 474,0.0,0.0,0.24,0.0,0.01,0.75,0.0,Topic 5,Cluster 1
Doc 475,0.0,0.0,0.0,0.0,1.0,0.0,0.0,Topic 4,Cluster 1
Doc 476,0.19,0.0,0.09,0.0,0.3,0.34,0.09,Topic 5,Cluster 1
Doc 477,0.0,0.0,0.0,0.0,0.99,0.0,0.0,Topic 4,Cluster 1
Doc 478,0.0,0.0,0.52,0.24,0.04,0.2,0.0,Topic 2,Cluster 1
Doc 479,0.0,0.0,0.0,1.0,0.0,0.0,0.0,Topic 3,Cluster 1
Doc 480,0.0,0.0,0.0,0.99,0.0,0.0,0.0,Topic 3,Cluster 1
Doc 481,0.0,0.0,0.77,0.22,0.0,0.0,0.0,Topic 2,Cluster 1
Doc 482,0.14,0.29,0.23,0.34,0.0,0.0,0.0,Topic 3,Cluster 1
Doc 483,0.0,0.8,0.2,0.0,0.0,0.0,0.0,Topic 1,Cluster 1
Doc 484,0.0,0.0,0.0,1.0,0.0,0.0,0.0,Topic 3,Cluster 1
Doc 485,0.0,0.15,0.0,0.0,0.0,0.0,0.84,Topic 6,Cluster 1
Doc 486,0.0,0.0,0.24,0.0,0.08,0.0,0.66,Topic 6,Cluster 1
Doc 487,0.0,0.0,0.0,0.0,0.14,0.38,0.48,Topic 6,Cluster 1
Doc 488,0.0,0.0,0.0,0.0,0.02,0.97,0.0,Topic 5,Cluster 1
Doc 489,0.0,0.0,0.0,0.92,0.0,0.0,0.08,Topic 3,Cluster 1
Doc 490,0.0,0.0,0.0,0.8,0.2,0.0,0.0,Topic 3,Cluster 1
Doc 491,0.0,0.0,0.0,1.0,0.0,0.0,0.0,Topic 3,Cluster 1
Doc 492,0.0,0.0,0.0,0.86,0.0,0.13,0.0,Topic 3,Cluster 1
Doc 493,0.15,0.0,0.0,0.85,0.0,0.0,0.0,Topic 3,Cluster 1
Doc 494,0.0,0.0,0.22,0.0,0.2,0.0,0.57,Topic 6,Cluster 1
Doc 495,0.0,0.0,0.78,0.21,0.0,0.0,0.0,Topic 2,Cluster 1
Doc 496,0.15,0.0,0.05,0.0,0.79,0.0,0.0,Topic 4,Cluster 1
Doc 497,0.0,0.0,0.0,0.0,0.0,0.99,0.0,Topic 5,Cluster 1
Doc 498,0.0,0.0,0.0,0.99,0.0,0.0,0.0,Topic 3,Cluster 1
Doc 499,0.0,0.0,0.0,1.0,0.0,0.0,0.0,Topic 3,Cluster 1
Doc 500,0.0,0.98,0.01,0.0,0.0,0.0,0.0,Topic 1,Cluster 1
Doc 501,0.0,1.0,0.0,0.0,0.0,0.0,0.0,Topic 1,Cluster 1
Doc 502,0.0,0.0,0.1,0.06,0.84,0.0,0.0,Topic 4,Cluster 1
Doc 503,0.0,0.71,0.29,0.0,0.0,0.0,0.0,Topic 1,Cluster 1
Doc 504,0.0,0.72,0.0,0.0,0.0,0.28,0.0,Topic 1,Cluster 1
Doc 505,0.0,0.0,0.0,0.99,0.0,0.0,0.0,Topic 3,Cluster 1
Doc 506,0.13,0.0,0.0,0.87,0.0,0.0,0.0,Topic 3,Cluster 1
Doc 507,0.0,0.44,0.56,0.0,0.0,0.0,0.0,Topic 2,Cluster 1
Doc 508,0.0,0.0,1.0,0.0,0.0,0.0,0.0,Topic 2,Cluster 1
Doc 509,0.0,0.0,0.0,0.0,0.33,0.66,0.0,Topic 5,Cluster 1
Doc 510,0.0,0.0,0.0,0.24,0.1,0.0,0.65,Topic 6,Cluster 1
Doc 511,0.34,0.03,0.0,0.0,0.35,0.0,0.28,Topic 4,Cluster 1
Doc 512,0.0,0.0,0.0,0.0,0.0,0.0,1.0,Topic 6,Cluster 1
Doc 513,0.36,0.0,0.57,0.07,0.0,0.0,0.0,Topic 2,Cluster 1
Doc 514,0.0,0.88,0.11,0.0,0.0,0.0,0.0,Topic 1,Cluster 1
Doc 515,0.0,0.0,1.0,0.0,0.0,0.0,0.0,Topic 2,Cluster 1
Doc 516,0.0,0.0,0.0,0.92,0.07,0.0,0.0,Topic 3,Cluster 1
Doc 517,0.0,0.0,0.0,0.0,0.0,0.0,0.99,Topic 6,Cluster 1
Doc 518,0.0,0.0,0.0,1.0,0.0,0.0,0.0,Topic 3,Cluster 1
Doc 519,0.0,0.0,0.01,0.33,0.66,0.0,0.0,Topic 4,Cluster 1
Doc 520,0.14,0.52,0.0,0.2,0.0,0.0,0.14,Topic 1,Cluster 1
Doc 521,0.0,1.0,0.0,0.0,0.0,0.0,0.0,Topic 1,Cluster 1
Doc 522,0.47,0.0,0.53,0.0,0.0,0.0,0.0,Topic 2,Cluster 1
Doc 523,0.0,0.0,0.0,0.0,0.0,0.0,0.99,Topic 6,Cluster 1
Doc 524,1.0,0.0,0.0,0.0,0.0,0.0,0.0,Topic 0,Cluster 1
Doc 525,0.19,0.04,0.05,0.0,0.0,0.71,0.0,Topic 5,Cluster 1
Doc 526,0.0,0.0,0.04,0.0,0.52,0.0,0.44,Topic 4,Cluster 1
Doc 527,0.0,0.08,0.0,0.91,0.0,0.0,0.01,Topic 3,Cluster 1
Doc 528,0.0,0.0,0.0,0.89,0.0,0.0,0.11,Topic 3,Cluster 1
Doc 529,0.0,0.0,1.0,0.0,0.0,0.0,0.0,Topic 2,Cluster 1
Doc 530,0.0,0.0,0.0,0.0,0.99,0.0,0.0,Topic 4,Cluster 1
Doc 531,0.01,0.01,0.33,0.01,0.01,0.01,0.63,Topic 6,Cluster 1
Doc 532,0.0,0.0,0.0,0.0,0.99,0.0,0.0,Topic 4,Cluster 1
Doc 533,0.0,0.0,1.0,0.0,0.0,0.0,0.0,Topic 2,Cluster 1
Doc 534,0.0,0.0,0.0,0.0,1.0,0.0,0.0,Topic 4,Cluster 1
Doc 535,0.89,0.0,0.0,0.11,0.0,0.0,0.0,Topic 0,Cluster 1
Doc 536,0.0,0.06,0.29,0.0,0.12,0.0,0.52,Topic 6,Cluster 1
Doc 537,0.0,0.0,0.0,0.0,0.15,0.48,0.37,Topic 5,Cluster 1
Doc 538,0.06,0.0,0.0,0.0,0.82,0.0,0.12,Topic 4,Cluster 1
Doc 539,0.0,0.09,0.0,0.91,0.0,0.0,0.0,Topic 3,Cluster 1
Doc 540,0.02,0.0,0.0,0.98,0.0,0.0,0.0,Topic 3,Cluster 1
Doc 541,0.0,0.0,0.0,0.0,0.0,0.99,0.0,Topic 5,Cluster 1
Doc 542,0.0,0.0,0.0,0.0,1.0,0.0,0.0,Topic 4,Cluster 1
Doc 543,0.0,0.0,1.0,0.0,0.0,0.0,0.0,Topic 2,Cluster 1
Doc 544,0.0,0.0,0.29,0.0,0.1,0.0,0.61,Topic 6,Cluster 1
Doc 545,0.0,0.0,0.0,0.0,0.0,0.99,0.0,Topic 5,Cluster 1
Doc 546,0.0,0.0,0.0,0.0,0.13,0.86,0.0,Topic 5,Cluster 1
Doc 547,0.0,1.0,0.0,0.0,0.0,0.0,0.0,Topic 1,Cluster 1
Doc 548,1.0,0.0,0.0,0.0,0.0,0.0,0.0,Topic 0,Cluster 1
Doc 549,0.0,0.0,0.69,0.09,0.08,0.14,0.0,Topic 2,Cluster 1
Doc 550,0.18,0.0,0.27,0.51,0.04,0.0,0.0,Topic 3,Cluster 1
Doc 551,1.0,0.0,0.0,0.0,0.0,0.0,0.0,Topic 0,Cluster 1
Doc 552,0.0,0.0,0.0,1.0,0.0,0.0,0.0,Topic 3,Cluster 1
Doc 553,0.0,0.0,0.72,0.0,0.0,0.0,0.28,Topic 2,Cluster 1
Doc 554,1.0,0.0,0.0,0.0,0.0,0.0,0.0,Topic 0,Cluster 1
Doc 555,0.0,0.0,0.0,1.0,0.0,0.0,0.0,Topic 3,Cluster 1
Doc 556,0.0,0.0,0.0,0.0,0.99,0.0,0.0,Topic 4,Cluster 1
Doc 557,0.0,0.0,0.0,0.0,0.98,0.0,0.0,Topic 4,Cluster 1
Doc 558,0.0,0.08,0.0,0.14,0.78,0.0,0.0,Topic 4,Cluster 1
Doc 559,0.0,0.0,0.0,0.12,0.82,0.0,0.06,Topic 4,Cluster 1
Doc 560,0.0,0.77,0.0,0.0,0.0,0.23,0.0,Topic 1,Cluster 1
Doc 561,0.17,0.0,0.0,0.02,0.58,0.22,0.0,Topic 4,Cluster 1
Doc 562,0.0,0.0,0.19,0.18,0.0,0.62,0.0,Topic 5,Cluster 1
Doc 563,0.0,0.0,0.0,0.0,0.0,0.59,0.39,Topic 5,Cluster 1
Doc 564,0.34,0.0,0.09,0.0,0.0,0.56,0.0,Topic 5,Cluster 1
Doc 565,1.0,0.0,0.0,0.0,0.0,0.0,0.0,Topic 0,Cluster 1
Doc 566,0.0,0.0,0.0,1.0,0.0,0.0,0.0,Topic 3,Cluster 1
Doc 567,0.0,0.0,0.16,0.77,0.0,0.0,0.07,Topic 3,Cluster 1
Doc 568,0.0,0.0,0.0,0.04,0.95,0.0,0.0,Topic 4,Cluster 1
Doc 569,0.0,0.0,0.0,0.0,1.0,0.0,0.0,Topic 4,Cluster 1
Doc 570,0.0,0.0,0.0,0.0,0.99,0.0,0.0,Topic 4,Cluster 1
Doc 571,0.0,0.0,0.0,0.0,0.99,0.0,0.0,Topic 4,Cluster 1
Doc 572,0.29,0.0,0.11,0.55,0.0,0.05,0.0,Topic 3,Cluster 1
Doc 573,0.09,0.0,0.0,0.0,0.0,0.91,0.0,Topic 5,Cluster 1
Doc 574,0.0,0.0,0.14,0.0,0.0,0.85,0.0,Topic 5,Cluster 1
Doc 575,0.42,0.0,0.0,0.0,0.32,0.04,0.21,Topic 0,Cluster 1
Doc 576,0.95,0.0,0.0,0.0,0.0,0.05,0.0,Topic 0,Cluster 1
Doc 577,0.0,0.0,0.1,0.36,0.0,0.0,0.54,Topic 6,Cluster 1
Doc 578,0.0,0.0,0.0,0.0,1.0,0.0,0.0,Topic 4,Cluster 1
Doc 579,0.0,0.0,1.0,0.0,0.0,0.0,0.0,Topic 2,Cluster 1
Doc 580,0.0,0.0,0.04,0.0,0.18,0.78,0.0,Topic 5,Cluster 1
Doc 581,0.41,0.0,0.0,0.0,0.58,0.0,0.0,Topic 4,Cluster 1
Doc 582,0.0,0.0,0.0,0.9,0.0,0.0,0.09,Topic 3,Cluster 1
Doc 583,0.0,0.0,0.0,0.84,0.0,0.0,0.16,Topic 3,Cluster 1
Doc 584,0.16,0.0,0.83,0.0,0.0,0.0,0.0,Topic 2,Cluster 1
Doc 585,0.04,0.0,0.0,0.95,0.0,0.0,0.0,Topic 3,Cluster 1
Doc 586,0.05,0.0,0.0,0.95,0.0,0.0,0.0,Topic 3,Cluster 1
Doc 587,0.0,0.34,0.07,0.18,0.19,0.22,0.0,Topic 1,Cluster 1
Doc 588,0.0,0.0,0.0,0.0,0.39,0.6,0.0,Topic 5,Cluster 1
Doc 589,0.18,0.0,0.82,0.0,0.0,0.0,0.0,Topic 2,Cluster 1
Doc 590,0.0,0.0,0.0,0.99,0.0,0.0,0.0,Topic 3,Cluster 1
Doc 591,0.0,0.0,0.0,0.0,0.62,0.0,0.38,Topic 4,Cluster 1
Doc 592,0.0,0.0,0.23,0.13,0.0,0.52,0.1,Topic 5,Cluster 1
Doc 593,0.0,0.08,0.0,0.92,0.0,0.0,0.0,Topic 3,Cluster 1
Doc 594,0.0,0.0,0.0,0.0,0.0,0.0,0.99,Topic 6,Cluster 1
Doc 595,0.01,0.01,0.01,0.01,0.01,0.01,0.96,Topic 6,Cluster 1
Doc 596,0.0,0.0,0.0,0.0,0.99,0.0,0.0,Topic 4,Cluster 1
Doc 597,0.0,0.0,0.0,0.84,0.0,0.0,0.15,Topic 3,Cluster 1
Doc 598,0.01,0.01,0.01,0.01,0.01,0.01,0.97,Topic 6,Cluster 1
Doc 599,0.08,0.0,0.0,0.0,0.51,0.02,0.4,Topic 4,Cluster 1
Doc 600,0.12,0.0,0.49,0.0,0.0,0.39,0.0,Topic 2,Cluster 1
Doc 601,0.12,0.0,0.0,0.82,0.0,0.06,0.0,Topic 3,Cluster 1
Doc 602,0.0,0.0,0.0,0.16,0.0,0.0,0.84,Topic 6,Cluster 1
Doc 603,0.0,0.0,0.0,0.52,0.0,0.48,0.0,Topic 3,Cluster 1
Doc 604,1.0,0.0,0.0,0.0,0.0,0.0,0.0,Topic 0,Cluster 1
Doc 605,0.0,0.0,0.43,0.22,0.0,0.35,0.0,Topic 2,Cluster 1
Doc 606,0.0,0.0,0.66,0.1,0.23,0.0,0.0,Topic 2,Cluster 1
Doc 607,0.0,0.11,0.0,0.88,0.0,0.0,0.0,Topic 3,Cluster 1
Doc 608,0.0,0.0,0.0,0.0,0.54,0.0,0.45,Topic 4,Cluster 1
Doc 609,0.0,0.05,0.0,0.03,0.0,0.92,0.0,Topic 5,Cluster 1
Doc 610,0.0,0.0,0.23,0.0,0.76,0.0,0.0,Topic 4,Cluster 1
Doc 611,0.0,0.0,0.0,1.0,0.0,0.0,0.0,Topic 3,Cluster 1
Doc 612,0.0,0.0,0.0,1.0,0.0,0.0,0.0,Topic 3,Cluster 1
Doc 613,1.0,0.0,0.0,0.0,0.0,0.0,0.0,Topic 0,Cluster 1
Doc 614,0.86,0.01,0.04,0.09,0.0,0.0,0.0,Topic 0,Cluster 1
Doc 615,0.0,0.0,0.0,0.11,0.0,0.89,0.0,Topic 5,Cluster 1
Doc 616,0.99,0.0,0.0,0.0,0.0,0.0,0.0,Topic 0,Cluster 1
Doc 617,0.0,0.25,0.75,0.0,0.0,0.0,0.0,Topic 2,Cluster 1
Doc 618,0.0,0.0,0.0,0.0,0.5,0.0,0.49,Topic 4,Cluster 1
Doc 619,0.08,0.0,0.0,0.0,0.0,0.92,0.0,Topic 5,Cluster 1
Doc 620,0.02,0.04,0.17,0.51,0.03,0.1,0.13,Topic 3,Cluster 1
Doc 621,0.0,0.0,0.64,0.0,0.11,0.25,0.0,Topic 2,Cluster 1
Doc 622,0.07,0.0,0.0,0.93,0.0,0.0,0.0,Topic 3,Cluster 1
Doc 623,0.0,0.0,0.99,0.0,0.0,0.0,0.0,Topic 2,Cluster 1
Doc 624,0.56,0.0,0.44,0.0,0.0,0.0,0.0,Topic 0,Cluster 1
Doc 625,0.79,0.0,0.0,0.0,0.21,0.0,0.0,Topic 0,Cluster 1
Doc 626,0.21,0.0,0.22,0.0,0.0,0.57,0.0,Topic 5,Cluster 1
Doc 627,0.0,0.0,0.0,1.0,0.0,0.0,0.0,Topic 3,Cluster 1
Doc 628,0.03,0.0,0.76,0.09,0.11,0.0,0.0,Topic 2,Cluster 1
Doc 629,0.0,0.0,0.0,0.0,0.0,0.0,0.99,Topic 6,Cluster 1
Doc 630,0.46,0.0,0.0,0.1,0.0,0.0,0.43,Topic 0,Cluster 1
Doc 631,0.0,0.0,0.07,0.93,0.0,0.0,0.0,Topic 3,Cluster 1
Doc 632,1.0,0.0,0.0,0.0,0.0,0.0,0.0,Topic 0,Cluster 1
Doc 633,0.34,0.0,0.0,0.0,0.65,0.0,0.0,Topic 4,Cluster 1
Doc 634,0.0,0.0,0.0,0.0,0.17,0.83,0.0,Topic 5,Cluster 1
Doc 635,0.0,0.0,0.0,0.92,0.0,0.0,0.07,Topic 3,Cluster 1
Doc 636,0.7,0.0,0.0,0.0,0.29,0.0,0.0,Topic 0,Cluster 1
Doc 637,0.0,0.0,0.0,0.99,0.0,0.0,0.0,Topic 3,Cluster 1
Doc 638,0.0,0.0,0.0,0.0,0.9,0.0,0.09,Topic 4,Cluster 1
Doc 639,0.28,0.09,0.0,0.4,0.0,0.15,0.08,Topic 3,Cluster 1
Doc 640,0.0,0.0,0.0,1.0,0.0,0.0,0.0,Topic 3,Cluster 1
Doc 641,0.0,0.0,0.0,0.0,0.26,0.73,0.0,Topic 5,Cluster 1
Doc 642,0.0,0.0,0.78,0.2,0.0,0.02,0.0,Topic 2,Cluster 1
Doc 643,0.0,0.0,0.0,1.0,0.0,0.0,0.0,Topic 3,Cluster 1
Doc 644,0.0,0.0,0.0,0.0,0.55,0.0,0.44,Topic 4,Cluster 1
Doc 645,0.0,0.0,0.0,0.0,1.0,0.0,0.0,Topic 4,Cluster 1
Doc 646,0.0,0.0,0.0,1.0,0.0,0.0,0.0,Topic 3,Cluster 1
Doc 647,0.0,0.0,0.0,0.0,0.0,0.99,0.0,Topic 5,Cluster 1
Doc 648,0.17,0.0,0.0,0.0,0.83,0.0,0.0,Topic 4,Cluster 1
Doc 649,0.97,0.0,0.0,0.0,0.0,0.03,0.0,Topic 0,Cluster 1
Doc 650,0.0,0.0,0.0,0.09,0.91,0.0,0.0,Topic 4,Cluster 1
Doc 651,0.0,0.0,1.0,0.0,0.0,0.0,0.0,Topic 2,Cluster 1
Doc 652,0.0,1.0,0.0,0.0,0.0,0.0,0.0,Topic 1,Cluster 1
Doc 653,0.0,0.0,0.0,0.06,0.94,0.0,0.0,Topic 4,Cluster 1
Doc 654,0.0,0.0,0.0,0.0,0.61,0.0,0.39,Topic 4,Cluster 1
Doc 655,0.01,0.5,0.0,0.06,0.0,0.42,0.0,Topic 1,Cluster 1
Doc 656,0.0,0.05,0.0,0.95,0.0,0.0,0.0,Topic 3,Cluster 1
Doc 657,0.0,0.16,0.84,0.0,0.0,0.0,0.0,Topic 2,Cluster 1
Doc 658,0.0,0.84,0.0,0.16,0.0,0.0,0.0,Topic 1,Cluster 1
Doc 659,0.0,0.0,0.0,0.87,0.13,0.0,0.0,Topic 3,Cluster 1
Doc 660,0.21,0.0,0.0,0.79,0.0,0.0,0.0,Topic 3,Cluster 1
Doc 661,0.0,0.0,0.7,0.0,0.29,0.01,0.0,Topic 2,Cluster 1
Doc 662,0.0,0.0,0.0,0.88,0.0,0.0,0.12,Topic 3,Cluster 1
Doc 663,0.0,0.0,0.0,0.99,0.0,0.0,0.0,Topic 3,Cluster 1
Doc 664,0.0,0.6,0.35,0.0,0.04,0.0,0.0,Topic 1,Cluster 1
Doc 665,0.0,0.0,1.0,0.0,0.0,0.0,0.0,Topic 2,Cluster 1
Doc 666,0.22,0.0,0.0,0.0,0.0,0.0,0.76,Topic 6,Cluster 1
Doc 667,0.0,0.0,1.0,0.0,0.0,0.0,0.0,Topic 2,Cluster 1
Doc 668,0.0,1.0,0.0,0.0,0.0,0.0,0.0,Topic 1,Cluster 1
Doc 669,0.0,0.0,0.56,0.0,0.18,0.0,0.25,Topic 2,Cluster 1
Doc 670,0.0,1.0,0.0,0.0,0.0,0.0,0.0,Topic 1,Cluster 1
Doc 671,0.99,0.0,0.0,0.0,0.0,0.0,0.0,Topic 0,Cluster 1
Doc 672,0.0,0.0,0.0,0.99,0.0,0.0,0.0,Topic 3,Cluster 1
Doc 673,0.0,0.0,0.0,0.0,0.0,0.36,0.63,Topic 6,Cluster 1
Doc 674,1.0,0.0,0.0,0.0,0.0,0.0,0.0,Topic 0,Cluster 1
Doc 675,0.99,0.0,0.0,0.0,0.0,0.0,0.0,Topic 0,Cluster 1
Doc 676,0.0,0.0,0.0,0.0,0.99,0.0,0.0,Topic 4,Cluster 1
Doc 677,0.0,0.0,0.0,1.0,0.0,0.0,0.0,Topic 3,Cluster 1
Doc 678,0.0,0.0,0.0,0.0,0.0,1.0,0.0,Topic 5,Cluster 1
Doc 679,0.14,0.49,0.0,0.0,0.38,0.0,0.0,Topic 1,Cluster 1
Doc 680,0.0,0.0,0.0,0.0,0.0,1.0,0.0,Topic 5,Cluster 1
Doc 681,0.0,0.0,0.0,0.89,0.0,0.0,0.11,Topic 3,Cluster 1
Doc 682,0.77,0.22,0.01,0.0,0.0,0.0,0.0,Topic 0,Cluster 1
Doc 683,0.26,0.06,0.36,0.09,0.0,0.23,0.0,Topic 2,Cluster 1
Doc 684,0.0,0.63,0.0,0.0,0.0,0.37,0.0,Topic 1,Cluster 1
Doc 685,0.0,0.0,0.0,0.77,0.0,0.0,0.23,Topic 3,Cluster 1
Doc 686,0.0,0.0,0.0,0.0,0.99,0.0,0.0,Topic 4,Cluster 1
Doc 687,0.0,0.0,0.0,0.18,0.0,0.82,0.0,Topic 5,Cluster 1
Doc 688,0.81,0.0,0.0,0.0,0.0,0.18,0.0,Topic 0,Cluster 1
Doc 689,0.0,0.0,0.0,1.0,0.0,0.0,0.0,Topic 3,Cluster 1
Doc 690,0.0,0.0,0.0,0.0,0.05,0.95,0.0,Topic 5,Cluster 1
Doc 691,0.0,0.71,0.28,0.0,0.0,0.0,0.0,Topic 1,Cluster 1
Doc 692,0.0,0.0,0.0,0.0,0.0,1.0,0.0,Topic 5,Cluster 1
Doc 693,0.0,0.0,0.0,1.0,0.0,0.0,0.0,Topic 3,Cluster 1
Doc 694,0.0,0.0,0.0,0.0,0.73,0.0,0.26,Topic 4,Cluster 1
Doc 695,0.76,0.0,0.1,0.13,0.0,0.0,0.0,Topic 0,Cluster 1
Doc 696,0.0,0.0,0.06,0.94,0.0,0.0,0.0,Topic 3,Cluster 1
Doc 697,0.15,0.0,0.0,0.84,0.0,0.0,0.0,Topic 3,Cluster 1
Doc 698,1.0,0.0,0.0,0.0,0.0,0.0,0.0,Topic 0,Cluster 1
Doc 699,0.0,0.0,0.0,0.0,0.0,0.99,0.0,Topic 5,Cluster 1
Doc 700,0.0,0.0,0.0,0.88,0.0,0.0,0.12,Topic 3,Cluster 1
Doc 701,0.95,0.0,0.0,0.0,0.0,0.05,0.0,Topic 0,Cluster 1
Doc 702,0.0,0.0,0.0,1.0,0.0,0.0,0.0,Topic 3,Cluster 1
Doc 703,0.0,0.0,0.06,0.94,0.0,0.0,0.0,Topic 3,Cluster 1
Doc 704,0.0,0.0,0.79,0.0,0.0,0.0,0.21,Topic 2,Cluster 1
Doc 705,0.0,0.0,0.27,0.0,0.0,0.0,0.72,Topic 6,Cluster 1
Doc 706,0.0,0.07,0.0,0.91,0.0,0.0,0.01,Topic 3,Cluster 1
Doc 707,0.0,1.0,0.0,0.0,0.0,0.0,0.0,Topic 1,Cluster 1
Doc 708,0.0,0.0,0.0,0.82,0.0,0.0,0.17,Topic 3,Cluster 1
Doc 709,0.0,0.0,0.0,1.0,0.0,0.0,0.0,Topic 3,Cluster 1
Doc 710,0.0,0.0,0.0,0.99,0.0,0.0,0.0,Topic 3,Cluster 1
Doc 711,0.23,0.05,0.53,0.0,0.15,0.04,0.0,Topic 2,Cluster 1
Doc 712,0.0,0.0,0.0,0.0,0.99,0.0,0.0,Topic 4,Cluster 1
Doc 713,0.04,0.0,0.0,0.86,0.0,0.0,0.1,Topic 3,Cluster 1
Doc 714,0.0,0.0,0.99,0.0,0.0,0.0,0.0,Topic 2,Cluster 1
Doc 715,0.36,0.0,0.0,0.64,0.0,0.0,0.0,Topic 3,Cluster 1
Doc 716,0.0,0.0,0.2,0.0,0.8,0.0,0.0,Topic 4,Cluster 1
Doc 717,0.8,0.0,0.0,0.03,0.0,0.17,0.0,Topic 0,Cluster 1
Doc 718,0.0,0.31,0.46,0.0,0.23,0.0,0.0,Topic 2,Cluster 1
Doc 719,0.0,0.0,0.0,0.84,0.0,0.0,0.16,Topic 3,Cluster 1
Doc 720,0.0,0.0,0.0,0.0,0.16,0.83,0.0,Topic 5,Cluster 1
Doc 721,0.0,0.0,0.0,0.0,0.55,0.0,0.44,Topic 4,Cluster 1
Doc 722,0.0,0.0,0.0,0.83,0.0,0.17,0.0,Topic 3,Cluster 1
Doc 723,0.04,0.43,0.06,0.05,0.43,0.0,0.0,Topic 1,Cluster 1
Doc 724,0.55,0.0,0.18,0.09,0.0,0.18,0.0,Topic 0,Cluster 1
Doc 725,0.34,0.0,0.17,0.48,0.0,0.0,0.0,Topic 3,Cluster 1
Doc 726,0.07,0.0,0.0,0.0,0.0,0.93,0.0,Topic 5,Cluster 1
Doc 727,0.11,0.0,0.07,0.71,0.11,0.0,0.0,Topic 3,Cluster 1
Doc 728,0.0,0.0,0.35,0.63,0.0,0.0,0.02,Topic 3,Cluster 1
Doc 729,0.0,0.0,0.0,1.0,0.0,0.0,0.0,Topic 3,Cluster 1
Doc 730,0.99,0.0,0.0,0.0,0.0,0.0,0.0,Topic 0,Cluster 1
Doc 731,0.0,0.97,0.0,0.0,0.0,0.03,0.0,Topic 1,Cluster 1
Doc 732,0.0,0.09,0.0,0.9,0.0,0.0,0.0,Topic 3,Cluster 1
Doc 733,0.0,0.0,0.0,1.0,0.0,0.0,0.0,Topic 3,Cluster 1
Doc 734,0.0,0.0,0.0,1.0,0.0,0.0,0.0,Topic 3,Cluster 1
Doc 735,0.21,0.0,0.0,0.79,0.0,0.0,0.0,Topic 3,Cluster 1
Doc 736,0.0,0.0,0.69,0.03,0.0,0.0,0.28,Topic 2,Cluster 1
Doc 737,0.0,0.0,0.42,0.1,0.48,0.0,0.0,Topic 4,Cluster 1
Doc 738,0.0,0.0,0.27,0.0,0.73,0.0,0.0,Topic 4,Cluster 1
Doc 739,0.0,0.0,0.0,0.91,0.0,0.0,0.08,Topic 3,Cluster 1
Doc 740,0.43,0.09,0.0,0.33,0.0,0.14,0.0,Topic 0,Cluster 1
Doc 741,0.07,0.08,0.0,0.84,0.0,0.0,0.0,Topic 3,Cluster 1
Doc 742,0.09,0.0,0.57,0.12,0.0,0.21,0.0,Topic 2,Cluster 1
Doc 743,0.53,0.0,0.14,0.18,0.15,0.0,0.0,Topic 0,Cluster 1
Doc 744,0.15,0.0,0.13,0.0,0.72,0.0,0.0,Topic 4,Cluster 1
Doc 745,0.37,0.12,0.0,0.11,0.0,0.3,0.1,Topic 0,Cluster 1
Doc 746,0.0,0.0,0.26,0.0,0.16,0.0,0.57,Topic 6,Cluster 1
Doc 747,0.0,0.0,0.0,1.0,0.0,0.0,0.0,Topic 3,Cluster 1
Doc 748,0.14,0.78,0.0,0.0,0.0,0.08,0.0,Topic 1,Cluster 1
Doc 749,0.0,0.0,0.0,0.99,0.0,0.0,0.0,Topic 3,Cluster 1
Doc 750,0.9,0.0,0.0,0.0,0.06,0.0,0.03,Topic 0,Cluster 1
Doc 751,0.0,0.0,0.0,0.9,0.09,0.0,0.0,Topic 3,Cluster 1
Doc 752,0.0,0.07,0.0,0.15,0.78,0.0,0.0,Topic 4,Cluster 1
Doc 753,0.35,0.0,0.25,0.3,0.0,0.0,0.09,Topic 0,Cluster 1
Doc 754,0.0,0.0,0.56,0.29,0.0,0.15,0.0,Topic 2,Cluster 1
Doc 755,0.0,0.0,0.34,0.0,0.65,0.0,0.0,Topic 4,Cluster 1
Doc 756,0.0,0.97,0.0,0.0,0.0,0.0,0.02,Topic 1,Cluster 1
Doc 757,0.53,0.0,0.46,0.0,0.0,0.0,0.0,Topic 0,Cluster 1
Doc 758,0.0,0.0,0.87,0.13,0.0,0.0,0.0,Topic 2,Cluster 1
Doc 759,0.0,0.0,0.0,0.99,0.0,0.0,0.0,Topic 3,Cluster 1
Doc 760,0.0,0.0,0.0,0.99,0.0,0.0,0.0,Topic 3,Cluster 1
Doc 761,0.45,0.0,0.0,0.55,0.0,0.0,0.0,Topic 3,Cluster 1
Doc 762,0.0,0.0,0.78,0.0,0.22,0.0,0.0,Topic 2,Cluster 1
Doc 763,0.0,0.0,0.0,1.0,0.0,0.0,0.0,Topic 3,Cluster 1
Doc 764,0.01,0.01,0.16,0.01,0.71,0.01,0.11,Topic 4,Cluster 1
Doc 765,1.0,0.0,0.0,0.0,0.0,0.0,0.0,Topic 0,Cluster 1
Doc 766,0.0,0.0,0.0,1.0,0.0,0.0,0.0,Topic 3,Cluster 1
Doc 767,0.0,0.0,0.0,0.12,0.88,0.0,0.0,Topic 4,Cluster 1
Doc 768,0.1,0.0,0.25,0.0,0.0,0.33,0.32,Topic 5,Cluster 1
Doc 769,0.0,0.0,0.0,0.99,0.0,0.0,0.0,Topic 3,Cluster 1
Doc 770,0.0,0.0,0.0,1.0,0.0,0.0,0.0,Topic 3,Cluster 1
Doc 771,0.0,0.0,0.0,0.99,0.0,0.0,0.0,Topic 3,Cluster 1
Doc 772,0.0,0.03,0.0,0.0,0.2,0.0,0.77,Topic 6,Cluster 1
Doc 773,0.25,0.0,0.0,0.74,0.0,0.0,0.0,Topic 3,Cluster 1
Doc 774,0.0,0.02,0.0,0.97,0.0,0.0,0.0,Topic 3,Cluster 1
Doc 775,0.0,0.0,1.0,0.0,0.0,0.0,0.0,Topic 2,Cluster 1
Doc 776,0.76,0.0,0.0,0.0,0.0,0.0,0.23,Topic 0,Cluster 1
Doc 777,0.0,0.7,0.3,0.0,0.0,0.0,0.0,Topic 1,Cluster 1
Doc 778,0.0,0.0,0.0,0.99,0.0,0.0,0.0,Topic 3,Cluster 1
Doc 779,0.17,0.0,0.0,0.83,0.0,0.0,0.0,Topic 3,Cluster 1
Doc 780,0.0,0.09,0.72,0.06,0.12,0.0,0.0,Topic 2,Cluster 1
Doc 781,1.0,0.0,0.0,0.0,0.0,0.0,0.0,Topic 0,Cluster 1
Doc 782,0.0,0.0,0.0,0.99,0.0,0.0,0.0,Topic 3,Cluster 1
Doc 783,0.0,0.0,1.0,0.0,0.0,0.0,0.0,Topic 2,Cluster 1
Doc 784,0.07,0.0,0.0,0.93,0.0,0.0,0.0,Topic 3,Cluster 1
Doc 785,0.0,0.0,0.0,0.0,0.14,0.86,0.0,Topic 5,Cluster 1
Doc 786,0.0,0.35,0.0,0.07,0.58,0.0,0.0,Topic 4,Cluster 1
Doc 787,0.0,0.0,0.0,0.0,1.0,0.0,0.0,Topic 4,Cluster 1
Doc 788,0.0,0.0,0.0,0.99,0.0,0.0,0.0,Topic 3,Cluster 1
Doc 789,0.0,0.0,0.0,0.91,0.0,0.0,0.09,Topic 3,Cluster 1
Doc 790,0.0,0.0,1.0,0.0,0.0,0.0,0.0,Topic 2,Cluster 1
Doc 791,0.0,0.0,0.79,0.21,0.0,0.0,0.0,Topic 2,Cluster 1
Doc 792,0.0,0.0,0.0,0.0,0.12,0.02,0.85,Topic 6,Cluster 1
Doc 793,0.0,0.0,0.0,0.0,0.12,0.87,0.0,Topic 5,Cluster 1
Doc 794,1.0,0.0,0.0,0.0,0.0,0.0,0.0,Topic 0,Cluster 1
Doc 795,1.0,0.0,0.0,0.0,0.0,0.0,0.0,Topic 0,Cluster 1
Doc 796,0.14,0.04,0.0,0.0,0.04,0.78,0.0,Topic 5,Cluster 1
Doc 797,0.21,0.0,0.0,0.78,0.0,0.0,0.0,Topic 3,Cluster 1
Doc 798,0.0,0.0,0.0,0.0,0.32,0.67,0.0,Topic 5,Cluster 1
Doc 799,0.0,0.0,0.0,0.41,0.59,0.0,0.0,Topic 4,Cluster 1
Doc 800,0.0,0.0,0.0,1.0,0.0,0.0,0.0,Topic 3,Cluster 1
Doc 801,0.89,0.0,0.0,0.1,0.0,0.0,0.0,Topic 0,Cluster 1
Doc 802,0.0,0.0,0.14,0.0,0.0,0.86,0.0,Topic 5,Cluster 1
Doc 803,0.0,0.0,0.47,0.0,0.23,0.0,0.29,Topic 2,Cluster 1
Doc 804,0.0,0.0,0.0,1.0,0.0,0.0,0.0,Topic 3,Cluster 1
Doc 805,0.0,0.0,0.0,0.0,0.98,0.0,0.0,Topic 4,Cluster 1
Doc 806,0.0,0.0,0.0,0.83,0.0,0.17,0.0,Topic 3,Cluster 1
Doc 807,0.0,0.0,0.0,0.86,0.0,0.0,0.13,Topic 3,Cluster 1
Doc 808,0.0,0.04,0.2,0.52,0.0,0.11,0.13,Topic 3,Cluster 1
Doc 809,0.0,0.0,0.0,1.0,0.0,0.0,0.0,Topic 3,Cluster 1
Doc 810,0.08,0.0,0.33,0.0,0.0,0.6,0.0,Topic 5,Cluster 1
Doc 811,0.0,0.0,0.3,0.0,0.69,0.0,0.0,Topic 4,Cluster 1
Doc 812,0.61,0.0,0.0,0.0,0.39,0.0,0.0,Topic 0,Cluster 1
Doc 813,0.0,0.0,0.0,0.0,0.0,0.0,0.99,Topic 6,Cluster 1
Doc 814,0.0,0.0,0.72,0.0,0.0,0.0,0.28,Topic 2,Cluster 1
Doc 815,0.69,0.02,0.1,0.02,0.0,0.15,0.0,Topic 0,Cluster 1
Doc 816,0.0,0.0,0.0,0.0,0.99,0.0,0.0,Topic 4,Cluster 1
Doc 817,0.0,0.89,0.1,0.0,0.0,0.0,0.0,Topic 1,Cluster 1
Doc 818,0.0,0.0,0.0,1.0,0.0,0.0,0.0,Topic 3,Cluster 1
Doc 819,0.0,0.0,0.0,0.99,0.0,0.0,0.0,Topic 3,Cluster 1
Doc 820,0.0,0.0,0.0,1.0,0.0,0.0,0.0,Topic 3,Cluster 1
Doc 821,0.0,0.0,0.0,0.0,0.0,0.0,0.98,Topic 6,Cluster 1
Doc 822,0.0,0.0,0.17,0.0,0.0,0.08,0.74,Topic 6,Cluster 1
Doc 823,1.0,0.0,0.0,0.0,0.0,0.0,0.0,Topic 0,Cluster 1
Doc 824,0.0,0.0,0.0,1.0,0.0,0.0,0.0,Topic 3,Cluster 1
Doc 825,0.0,0.0,0.0,0.08,0.0,0.92,0.0,Topic 5,Cluster 1
Doc 826,0.27,0.0,0.0,0.72,0.0,0.0,0.0,Topic 3,Cluster 1
Doc 827,0.31,0.0,0.0,0.68,0.0,0.0,0.0,Topic 3,Cluster 1
Doc 828,0.99,0.0,0.0,0.0,0.0,0.0,0.0,Topic 0,Cluster 1
Doc 829,0.99,0.0,0.0,0.0,0.0,0.0,0.0,Topic 0,Cluster 1
Doc 830,0.0,0.0,0.0,1.0,0.0,0.0,0.0,Topic 3,Cluster 1
Doc 831,0.0,0.0,0.57,0.0,0.05,0.0,0.37,Topic 2,Cluster 1
Doc 832,0.0,0.0,0.0,1.0,0.0,0.0,0.0,Topic 3,Cluster 1
Doc 833,0.0,0.0,0.0,0.0,0.0,0.99,0.0,Topic 5,Cluster 1
Doc 834,1.0,0.0,0.0,0.0,0.0,0.0,0.0,Topic 0,Cluster 1
Doc 835,0.0,0.0,0.0,0.41,0.32,0.26,0.0,Topic 3,Cluster 1
Doc 836,0.0,0.0,0.0,0.99,0.0,0.0,0.0,Topic 3,Cluster 1
Doc 837,0.16,0.0,0.0,0.0,0.84,0.0,0.0,Topic 4,Cluster 1
Doc 838,0.0,0.21,0.6,0.0,0.16,0.0,0.02,Topic 2,Cluster 1
Doc 839,0.0,0.0,0.0,0.0,0.88,0.0,0.11,Topic 4,Cluster 1
Doc 840,0.11,0.88,0.0,0.0,0.0,0.0,0.0,Topic 1,Cluster 1
Doc 841,0.0,1.0,0.0,0.0,0.0,0.0,0.0,Topic 1,Cluster 1
Doc 842,0.21,0.0,0.17,0.0,0.62,0.0,0.0,Topic 4,Cluster 1
Doc 843,0.0,0.0,0.1,0.89,0.0,0.0,0.0,Topic 3,Cluster 1
Doc 844,0.65,0.0,0.0,0.0,0.17,0.0,0.18,Topic 0,Cluster 1
Doc 845,0.12,0.05,0.0,0.83,0.0,0.0,0.0,Topic 3,Cluster 1
Doc 846,0.0,0.0,0.04,0.0,0.22,0.21,0.53,Topic 6,Cluster 1
Doc 847,0.19,0.09,0.0,0.0,0.1,0.63,0.0,Topic 5,Cluster 1
Doc 848,0.4,0.14,0.0,0.16,0.25,0.0,0.05,Topic 0,Cluster 1
Doc 849,0.0,1.0,0.0,0.0,0.0,0.0,0.0,Topic 1,Cluster 1
Doc 850,0.0,1.0,0.0,0.0,0.0,0.0,0.0,Topic 1,Cluster 3
Doc 851,0.33,0.0,0.0,0.66,0.0,0.0,0.0,Topic 3,Cluster 1
Doc 852,0.0,0.0,0.27,0.1,0.62,0.0,0.0,Topic 4,Cluster 1
Doc 853,0.0,0.0,0.0,1.0,0.0,0.0,0.0,Topic 3,Cluster 1
Doc 854,0.0,0.0,1.0,0.0,0.0,0.0,0.0,Topic 2,Cluster 1
Doc 855,0.0,0.0,0.0,0.99,0.0,0.0,0.0,Topic 3,Cluster 1
Doc 856,0.31,0.2,0.0,0.0,0.27,0.21,0.0,Topic 0,Cluster 1
Doc 857,0.0,0.0,0.0,1.0,0.0,0.0,0.0,Topic 3,Cluster 1
Doc 858,0.03,0.0,0.0,0.96,0.0,0.0,0.0,Topic 3,Cluster 1
Doc 859,0.0,0.2,0.0,0.0,0.04,0.75,0.0,Topic 5,Cluster 1
Doc 860,0.92,0.0,0.0,0.07,0.0,0.0,0.0,Topic 0,Cluster 1
Doc 861,0.0,0.0,1.0,0.0,0.0,0.0,0.0,Topic 2,Cluster 1
Doc 862,0.99,0.0,0.0,0.0,0.0,0.0,0.0,Topic 0,Cluster 1
Doc 863,0.14,0.0,0.53,0.0,0.0,0.32,0.0,Topic 2,Cluster 1
Doc 864,0.41,0.0,0.19,0.0,0.41,0.0,0.0,Topic 0,Cluster 1
Doc 865,0.33,0.41,0.26,0.0,0.0,0.0,0.0,Topic 1,Cluster 1
Doc 866,0.02,0.05,0.93,0.0,0.0,0.0,0.0,Topic 2,Cluster 1
Doc 867,0.0,0.0,0.0,0.0,0.99,0.0,0.0,Topic 4,Cluster 1
Doc 868,0.14,0.0,0.0,0.18,0.0,0.68,0.0,Topic 5,Cluster 1
Doc 869,0.31,0.0,0.69,0.0,0.0,0.0,0.0,Topic 2,Cluster 1
Doc 870,0.5,0.0,0.0,0.08,0.42,0.0,0.0,Topic 0,Cluster 1
Doc 871,0.0,0.0,0.0,0.0,1.0,0.0,0.0,Topic 4,Cluster 1
Doc 872,0.0,0.0,0.0,0.0,0.84,0.0,0.14,Topic 4,Cluster 1
Doc 873,0.0,0.0,0.0,0.0,0.0,0.0,0.97,Topic 6,Cluster 1
Doc 874,0.94,0.0,0.06,0.0,0.0,0.0,0.0,Topic 0,Cluster 1
Doc 875,0.0,1.0,0.0,0.0,0.0,0.0,0.0,Topic 1,Cluster 1
Doc 876,1.0,0.0,0.0,0.0,0.0,0.0,0.0,Topic 0,Cluster 1
Doc 877,0.0,0.0,0.0,1.0,0.0,0.0,0.0,Topic 3,Cluster 1
Doc 878,0.0,0.0,0.0,1.0,0.0,0.0,0.0,Topic 3,Cluster 1
Doc 879,0.0,0.0,0.94,0.0,0.0,0.06,0.0,Topic 2,Cluster 1
Doc 880,0.0,0.28,0.58,0.14,0.0,0.0,0.0,Topic 2,Cluster 1
Doc 881,0.99,0.0,0.0,0.0,0.0,0.0,0.0,Topic 0,Cluster 1
Doc 882,0.0,0.0,0.0,0.99,0.0,0.0,0.0,Topic 3,Cluster 1
Doc 883,0.08,0.0,0.0,0.85,0.0,0.07,0.0,Topic 3,Cluster 1
Doc 884,1.0,0.0,0.0,0.0,0.0,0.0,0.0,Topic 0,Cluster 1
Doc 885,0.0,0.0,0.0,0.0,0.99,0.0,0.0,Topic 4,Cluster 1
Doc 886,0.63,0.16,0.2,0.0,0.0,0.0,0.0,Topic 0,Cluster 1
Doc 887,0.23,0.0,0.0,0.77,0.0,0.0,0.0,Topic 3,Cluster 1
Doc 888,0.0,0.14,0.1,0.1,0.66,0.0,0.0,Topic 4,Cluster 1
Doc 889,0.0,0.0,0.0,1.0,0.0,0.0,0.0,Topic 3,Cluster 1
Doc 890,0.38,0.0,0.52,0.1,0.0,0.0,0.0,Topic 2,Cluster 1
Doc 891,0.0,0.0,0.0,0.0,0.0,1.0,0.0,Topic 5,Cluster 1
Doc 892,0.1,0.8,0.0,0.0,0.01,0.09,0.0,Topic 1,Cluster 1
Doc 893,0.33,0.21,0.09,0.0,0.03,0.34,0.0,Topic 5,Cluster 1
Doc 894,0.09,0.91,0.0,0.0,0.0,0.0,0.0,Topic 1,Cluster 1
Doc 895,0.2,0.0,0.17,0.21,0.0,0.42,0.0,Topic 5,Cluster 1
Doc 896,0.49,0.0,0.51,0.0,0.0,0.0,0.0,Topic 2,Cluster 1
Doc 897,0.0,0.0,0.0,0.7,0.0,0.0,0.29,Topic 3,Cluster 1
Doc 898,0.0,0.0,0.53,0.0,0.46,0.0,0.0,Topic 2,Cluster 1
Doc 899,0.88,0.0,0.0,0.0,0.0,0.11,0.0,Topic 0,Cluster 1
Doc 900,0.0,0.0,0.0,1.0,0.0,0.0,0.0,Topic 3,Cluster 1
Doc 901,0.0,0.85,0.0,0.0,0.15,0.0,0.0,Topic 1,Cluster 1
Doc 902,0.0,0.0,0.0,0.0,0.99,0.0,0.0,Topic 4,Cluster 1
Doc 903,0.0,0.0,0.5,0.0,0.0,0.0,0.5,Topic 2,Cluster 1
Doc 904,0.0,0.0,0.0,0.93,0.0,0.0,0.06,Topic 3,Cluster 1
Doc 905,0.13,0.0,0.0,0.86,0.0,0.0,0.0,Topic 3,Cluster 1
Doc 906,0.0,0.06,0.0,0.21,0.0,0.73,0.0,Topic 5,Cluster 1
Doc 907,0.0,0.0,0.0,0.0,0.0,0.0,0.99,Topic 6,Cluster 1
Doc 908,0.55,0.0,0.0,0.09,0.36,0.0,0.0,Topic 0,Cluster 1
Doc 909,0.0,0.0,0.0,0.0,0.99,0.0,0.0,Topic 4,Cluster 1
Doc 910,0.0,0.0,0.0,0.99,0.0,0.0,0.0,Topic 3,Cluster 1
Doc 911,0.0,1.0,0.0,0.0,0.0,0.0,0.0,Topic 1,Cluster 1
Doc 912,0.0,0.81,0.12,0.07,0.0,0.0,0.0,Topic 1,Cluster 1
Doc 913,0.0,0.0,0.0,0.0,0.69,0.0,0.31,Topic 4,Cluster 1
Doc 914,0.09,0.1,0.0,0.0,0.77,0.0,0.03,Topic 4,Cluster 1
Doc 915,0.0,0.04,0.84,0.0,0.12,0.0,0.0,Topic 2,Cluster 1
Doc 916,0.0,0.0,0.0,0.56,0.0,0.0,0.43,Topic 3,Cluster 1
Doc 917,0.0,0.74,0.0,0.1,0.15,0.0,0.0,Topic 1,Cluster 1
Doc 918,0.0,0.0,0.0,0.0,0.0,0.0,1.0,Topic 6,Cluster 1
Doc 919,0.0,0.0,0.0,1.0,0.0,0.0,0.0,Topic 3,Cluster 1
Doc 920,0.6,0.0,0.16,0.0,0.25,0.0,0.0,Topic 0,Cluster 1
Doc 921,0.0,0.0,0.64,0.0,0.0,0.29,0.07,Topic 2,Cluster 1
Doc 922,0.0,0.0,0.38,0.1,0.0,0.0,0.53,Topic 6,Cluster 1
Doc 923,0.0,0.0,0.0,1.0,0.0,0.0,0.0,Topic 3,Cluster 1
Doc 924,0.0,0.0,0.0,0.0,0.14,0.86,0.0,Topic 5,Cluster 1
Doc 925,0.0,0.0,0.0,0.0,0.13,0.87,0.0,Topic 5,Cluster 1
Doc 926,0.0,0.24,0.0,0.76,0.0,0.0,0.0,Topic 3,Cluster 1
Doc 927,0.0,0.0,0.0,0.81,0.0,0.0,0.19,Topic 3,Cluster 1
Doc 928,0.0,0.0,0.0,0.99,0.0,0.0,0.0,Topic 3,Cluster 1
Doc 929,0.0,0.0,0.7,0.0,0.3,0.0,0.0,Topic 2,Cluster 1
Doc 930,0.0,0.0,0.88,0.12,0.0,0.0,0.0,Topic 2,Cluster 1
Doc 931,0.07,0.0,0.0,0.92,0.0,0.0,0.0,Topic 3,Cluster 1
Doc 932,0.0,0.14,0.0,0.86,0.0,0.0,0.0,Topic 3,Cluster 1
Doc 933,1.0,0.0,0.0,0.0,0.0,0.0,0.0,Topic 0,Cluster 1
Doc 934,0.53,0.0,0.0,0.47,0.0,0.0,0.0,Topic 0,Cluster 1
Doc 935,0.91,0.0,0.0,0.0,0.0,0.08,0.0,Topic 0,Cluster 1
Doc 936,0.0,0.0,0.09,0.0,0.44,0.47,0.0,Topic 5,Cluster 1
Doc 937,1.0,0.0,0.0,0.0,0.0,0.0,0.0,Topic 0,Cluster 1
Doc 938,0.0,0.0,0.71,0.03,0.0,0.0,0.26,Topic 2,Cluster 1
Doc 939,0.0,0.0,0.0,1.0,0.0,0.0,0.0,Topic 3,Cluster 1
Doc 940,0.0,0.0,0.0,0.0,0.11,0.88,0.0,Topic 5,Cluster 1
Doc 941,0.0,0.0,0.0,1.0,0.0,0.0,0.0,Topic 3,Cluster 1
Doc 942,0.0,0.45,0.18,0.0,0.37,0.0,0.0,Topic 1,Cluster 1
Doc 943,0.18,0.0,0.12,0.07,0.63,0.0,0.0,Topic 4,Cluster 1
Doc 944,0.01,0.0,0.0,0.99,0.0,0.0,0.0,Topic 3,Cluster 1
Doc 945,0.0,0.0,0.0,0.0,0.34,0.1,0.55,Topic 6,Cluster 1
Doc 946,0.32,0.0,0.0,0.67,0.0,0.0,0.0,Topic 3,Cluster 1
Doc 947,0.99,0.0,0.0,0.0,0.0,0.0,0.0,Topic 0,Cluster 1
Doc 948,0.13,0.0,0.07,0.18,0.15,0.04,0.43,Topic 6,Cluster 1
Doc 949,0.0,0.0,0.0,0.0,0.77,0.22,0.0,Topic 4,Cluster 1
Doc 950,0.0,0.06,0.85,0.09,0.0,0.0,0.0,Topic 2,Cluster 1
Doc 951,0.0,0.0,1.0,0.0,0.0,0.0,0.0,Topic 2,Cluster 1
Doc 952,0.0,0.0,1.0,0.0,0.0,0.0,0.0,Topic 2,Cluster 1
Doc 953,0.14,0.0,0.0,0.05,0.68,0.0,0.13,Topic 4,Cluster 1
Doc 954,0.05,0.0,0.0,0.0,0.94,0.0,0.0,Topic 4,Cluster 1
Doc 955,0.06,0.0,0.0,0.93,0.0,0.0,0.0,Topic 3,Cluster 1
Doc 956,0.0,0.0,0.0,0.99,0.0,0.0,0.0,Topic 3,Cluster 1
Doc 957,0.0,1.0,0.0,0.0,0.0,0.0,0.0,Topic 1,Cluster 1
Doc 958,0.31,0.0,0.05,0.63,0.0,0.0,0.0,Topic 3,Cluster 1
Doc 959,0.0,0.0,0.0,0.99,0.0,0.0,0.0,Topic 3,Cluster 1
Doc 960,0.0,0.0,0.0,0.0,0.0,1.0,0.0,Topic 5,Cluster 1
Doc 961,0.0,0.0,1.0,0.0,0.0,0.0,0.0,Topic 2,Cluster 1
Doc 962,0.0,0.0,1.0,0.0,0.0,0.0,0.0,Topic 2,Cluster 1
Doc 963,0.0,0.3,0.0,0.7,0.0,0.0,0.0,Topic 3,Cluster 1
Doc 964,0.0,0.0,0.0,1.0,0.0,0.0,0.0,Topic 3,Cluster 1
Doc 965,0.99,0.0,0.0,0.0,0.0,0.0,0.0,Topic 0,Cluster 1
Doc 966,0.0,0.0,1.0,0.0,0.0,0.0,0.0,Topic 2,Cluster 1
Doc 967,0.0,0.0,0.0,0.99,0.0,0.0,0.0,Topic 3,Cluster 1
Doc 968,0.0,0.0,0.1,0.36,0.0,0.0,0.55,Topic 6,Cluster 1
Doc 969,0.0,0.0,0.0,1.0,0.0,0.0,0.0,Topic 3,Cluster 1
Doc 970,0.04,0.0,0.0,0.95,0.0,0.0,0.0,Topic 3,Cluster 1
Doc 971,0.0,0.0,0.0,0.86,0.0,0.0,0.14,Topic 3,Cluster 1
Doc 972,0.08,0.0,0.0,0.0,0.0,0.92,0.0,Topic 5,Cluster 1
Doc 973,0.0,0.61,0.39,0.0,0.0,0.0,0.0,Topic 1,Cluster 1
Doc 974,0.0,0.0,0.0,0.79,0.0,0.0,0.21,Topic 3,Cluster 1
Doc 975,0.99,0.0,0.0,0.0,0.0,0.0,0.0,Topic 0,Cluster 1
Doc 976,0.0,0.0,0.0,0.0,0.68,0.0,0.31,Topic 4,Cluster 1
Doc 977,0.0,0.0,0.61,0.0,0.37,0.0,0.0,Topic 2,Cluster 1
Doc 978,0.47,0.0,0.46,0.06,0.0,0.0,0.0,Topic 0,Cluster 1
Doc 979,0.72,0.0,0.28,0.0,0.0,0.0,0.0,Topic 0,Cluster 1
Doc 980,0.0,0.0,0.0,0.99,0.0,0.0,0.0,Topic 3,Cluster 1
Doc 981,0.0,0.0,0.44,0.55,0.0,0.0,0.0,Topic 3,Cluster 1
Doc 982,0.0,0.0,1.0,0.0,0.0,0.0,0.0,Topic 2,Cluster 1
Doc 983,0.0,0.0,0.0,0.0,0.0,1.0,0.0,Topic 5,Cluster 1
Doc 984,0.0,0.0,0.36,0.0,0.0,0.63,0.0,Topic 5,Cluster 1
Doc 985,0.0,0.0,0.3,0.0,0.26,0.0,0.43,Topic 6,Cluster 1
Doc 986,0.0,0.0,0.0,1.0,0.0,0.0,0.0,Topic 3,Cluster 1
Doc 987,0.0,0.06,0.0,0.0,0.94,0.0,0.0,Topic 4,Cluster 1
Doc 988,1.0,0.0,0.0,0.0,0.0,0.0,0.0,Topic 0,Cluster 1
Doc 989,0.58,0.07,0.0,0.0,0.35,0.0,0.0,Topic 0,Cluster 1
Doc 990,0.39,0.0,0.0,0.17,0.0,0.44,0.0,Topic 5,Cluster 1
Doc 991,0.0,0.0,0.0,0.0,0.78,0.0,0.22,Topic 4,Cluster 1
Doc 992,0.0,1.0,0.0,0.0,0.0,0.0,0.0,Topic 1,Cluster 1
Doc 993,0.0,0.0,0.0,0.95,0.0,0.0,0.04,Topic 3,Cluster 1
Doc 994,0.0,0.0,0.99,0.0,0.0,0.0,0.0,Topic 2,Cluster 1
Doc 995,0.0,0.0,0.23,0.0,0.77,0.0,0.0,Topic 4,Cluster 1
Doc 996,0.4,0.0,0.0,0.0,0.59,0.0,0.0,Topic 4,Cluster 1
Doc 997,0.0,0.99,0.0,0.0,0.0,0.0,0.0,Topic 1,Cluster 1
Doc 998,0.0,0.0,0.0,0.99,0.0,0.0,0.0,Topic 3,Cluster 1
Doc 999,0.0,0.0,0.0,0.0,0.28,0.71,0.0,Topic 5,Cluster 1
Doc 1000,0.99,0.0,0.0,0.0,0.0,0.0,0.0,Topic 0,Cluster 1
Doc 1001,0.0,0.0,0.85,0.14,0.0,0.0,0.0,Topic 2,Cluster 1
Doc 1002,0.0,0.0,0.0,0.0,0.81,0.0,0.18,Topic 4,Cluster 1
Doc 1003,0.0,0.0,0.0,0.92,0.0,0.0,0.07,Topic 3,Cluster 1
Doc 1004,0.0,0.12,0.0,0.24,0.28,0.04,0.32,Topic 6,Cluster 1
Doc 1005,0.0,0.0,0.0,1.0,0.0,0.0,0.0,Topic 3,Cluster 1
Doc 1006,0.0,0.0,0.72,0.27,0.0,0.0,0.0,Topic 2,Cluster 1
Doc 1007,0.06,0.0,0.0,0.06,0.88,0.0,0.0,Topic 4,Cluster 1
Doc 1008,0.03,0.96,0.0,0.0,0.0,0.0,0.01,Topic 1,Cluster 1
Doc 1009,0.0,0.0,0.0,0.0,0.76,0.0,0.23,Topic 4,Cluster 1
Doc 1010,0.0,0.0,0.0,0.98,0.0,0.0,0.02,Topic 3,Cluster 1
Doc 1011,0.0,0.0,0.0,0.0,0.0,0.0,0.98,Topic 6,Cluster 1
Doc 1012,0.0,0.0,0.0,0.99,0.0,0.0,0.0,Topic 3,Cluster 1
Doc 1013,0.0,0.12,0.28,0.0,0.09,0.0,0.51,Topic 6,Cluster 1
Doc 1014,0.26,0.0,0.0,0.71,0.0,0.0,0.03,Topic 3,Cluster 1
Doc 1015,0.0,0.35,0.0,0.6,0.0,0.0,0.04,Topic 3,Cluster 1
Doc 1016,0.0,0.0,0.81,0.18,0.0,0.0,0.0,Topic 2,Cluster 1
Doc 1017,0.09,0.0,0.0,0.03,0.63,0.0,0.24,Topic 4,Cluster 1
Doc 1018,0.0,0.0,0.0,0.0,1.0,0.0,0.0,Topic 4,Cluster 1
Doc 1019,0.64,0.0,0.0,0.0,0.0,0.35,0.0,Topic 0,Cluster 1
Doc 1020,0.0,0.02,0.0,0.0,0.1,0.87,0.0,Topic 5,Cluster 1
Doc 1021,0.0,0.0,0.0,0.0,0.96,0.0,0.03,Topic 4,Cluster 1
Doc 1022,0.0,0.0,0.0,0.0,0.0,0.06,0.94,Topic 6,Cluster 1
Doc 1023,0.0,0.0,0.84,0.0,0.0,0.0,0.15,Topic 2,Cluster 1
Doc 1024,0.0,0.0,0.0,1.0,0.0,0.0,0.0,Topic 3,Cluster 1
Doc 1025,0.0,0.0,0.0,0.99,0.0,0.0,0.0,Topic 3,Cluster 1
Doc 1026,0.0,0.03,0.0,0.96,0.0,0.0,0.0,Topic 3,Cluster 1
Doc 1027,0.0,0.0,0.34,0.0,0.0,0.0,0.65,Topic 6,Cluster 1
Doc 1028,0.13,0.0,0.0,0.82,0.0,0.0,0.05,Topic 3,Cluster 1
Doc 1029,0.0,0.0,0.0,1.0,0.0,0.0,0.0,Topic 3,Cluster 1
Doc 1030,0.0,0.0,0.01,0.98,0.0,0.0,0.0,Topic 3,Cluster 1
Doc 1031,0.0,0.78,0.21,0.0,0.0,0.0,0.0,Topic 1,Cluster 1
Doc 1032,0.0,0.0,0.0,0.0,0.61,0.39,0.0,Topic 4,Cluster 1
Doc 1033,0.0,0.0,0.0,0.0,0.93,0.0,0.06,Topic 4,Cluster 1
Doc 1034,0.0,0.0,0.27,0.0,0.0,0.72,0.0,Topic 5,Cluster 1
Doc 1035,0.0,0.0,0.83,0.0,0.0,0.0,0.16,Topic 2,Cluster 1
Doc 1036,0.0,0.0,0.77,0.23,0.0,0.0,0.0,Topic 2,Cluster 1
Doc 1037,0.0,0.0,0.0,0.0,0.66,0.0,0.33,Topic 4,Cluster 1
Doc 1038,0.0,0.0,0.0,0.05,0.95,0.0,0.0,Topic 4,Cluster 1
Doc 1039,0.0,0.0,0.0,0.0,0.0,0.0,0.99,Topic 6,Cluster 1
Doc 1040,0.0,0.0,0.0,0.98,0.01,0.0,0.0,Topic 3,Cluster 1
Doc 1041,0.81,0.15,0.0,0.0,0.04,0.0,0.0,Topic 0,Cluster 1
Doc 1042,0.0,0.0,0.0,1.0,0.0,0.0,0.0,Topic 3,Cluster 1
Doc 1043,0.0,0.0,0.12,0.25,0.5,0.13,0.0,Topic 4,Cluster 1
Doc 1044,0.0,0.0,0.0,0.99,0.0,0.0,0.0,Topic 3,Cluster 1
Doc 1045,0.0,0.0,0.0,0.0,0.95,0.0,0.04,Topic 4,Cluster 1
Doc 1046,0.0,0.0,0.0,1.0,0.0,0.0,0.0,Topic 3,Cluster 1
Doc 1047,0.0,0.0,0.0,0.0,0.0,0.0,0.99,Topic 6,Cluster 1
Doc 1048,0.0,0.0,0.3,0.0,0.0,0.69,0.0,Topic 5,Cluster 1
Doc 1049,0.0,0.0,0.0,0.0,0.0,0.17,0.83,Topic 6,Cluster 1
Doc 1050,0.0,0.0,0.0,1.0,0.0,0.0,0.0,Topic 3,Cluster 1
Doc 1051,0.0,0.0,0.0,0.87,0.0,0.13,0.0,Topic 3,Cluster 1
Doc 1052,0.04,0.0,0.0,0.95,0.0,0.0,0.0,Topic 3,Cluster 1
Doc 1053,0.0,0.05,0.0,0.0,0.52,0.43,0.0,Topic 4,Cluster 1
Doc 1054,1.0,0.0,0.0,0.0,0.0,0.0,0.0,Topic 0,Cluster 1
Doc 1055,0.0,0.2,0.0,0.0,0.0,0.79,0.0,Topic 5,Cluster 1
Doc 1056,0.0,0.0,0.69,0.23,0.08,0.0,0.0,Topic 2,Cluster 1
Doc 1057,0.0,0.0,0.29,0.21,0.49,0.0,0.0,Topic 4,Cluster 1
Doc 1058,0.26,0.15,0.04,0.0,0.55,0.0,0.0,Topic 4,Cluster 1
Doc 1059,0.23,0.0,0.18,0.17,0.0,0.43,0.0,Topic 5,Cluster 1
Doc 1060,0.0,0.0,0.72,0.0,0.0,0.0,0.27,Topic 2,Cluster 1
Doc 1061,0.0,0.0,0.0,0.91,0.09,0.0,0.0,Topic 3,Cluster 1
Doc 1062,1.0,0.0,0.0,0.0,0.0,0.0,0.0,Topic 0,Cluster 1
Doc 1063,0.0,0.72,0.0,0.0,0.27,0.0,0.0,Topic 1,Cluster 1
Doc 1064,0.0,0.0,0.08,0.0,0.92,0.0,0.0,Topic 4,Cluster 1
Doc 1065,0.0,0.0,0.0,1.0,0.0,0.0,0.0,Topic 3,Cluster 1
Doc 1066,0.0,0.0,1.0,0.0,0.0,0.0,0.0,Topic 2,Cluster 1
Doc 1067,0.0,0.37,0.34,0.22,0.0,0.07,0.0,Topic 1,Cluster 1
Doc 1068,0.12,0.0,0.49,0.0,0.13,0.0,0.25,Topic 2,Cluster 1
Doc 1069,0.0,0.0,0.0,0.0,0.0,0.0,1.0,Topic 6,Cluster 1
Doc 1070,0.0,0.0,0.0,0.9,0.0,0.0,0.09,Topic 3,Cluster 1
Doc 1071,0.0,0.0,1.0,0.0,0.0,0.0,0.0,Topic 2,Cluster 1
Doc 1072,0.0,0.0,0.0,0.0,0.0,0.05,0.95,Topic 6,Cluster 1
Doc 1073,0.0,0.0,1.0,0.0,0.0,0.0,0.0,Topic 2,Cluster 1
Doc 1074,0.0,0.0,0.0,1.0,0.0,0.0,0.0,Topic 3,Cluster 1
Doc 1075,0.16,0.0,0.84,0.0,0.0,0.0,0.0,Topic 2,Cluster 1
Doc 1076,0.0,0.0,0.0,0.0,1.0,0.0,0.0,Topic 4,Cluster 1
Doc 1077,0.19,0.0,0.0,0.8,0.0,0.0,0.0,Topic 3,Cluster 1
Doc 1078,0.0,0.0,0.0,0.0,0.07,0.92,0.0,Topic 5,Cluster 1
Doc 1079,0.0,0.0,0.0,0.1,0.9,0.0,0.0,Topic 4,Cluster 1
Doc 1080,0.0,0.0,0.06,0.94,0.0,0.0,0.0,Topic 3,Cluster 1
Doc 1081,0.0,0.0,0.0,0.12,0.87,0.0,0.0,Topic 4,Cluster 1
Doc 1082,0.0,0.0,0.0,0.0,0.89,0.11,0.0,Topic 4,Cluster 1
Doc 1083,0.0,0.0,0.0,0.99,0.0,0.0,0.0,Topic 3,Cluster 1
Doc 1084,0.56,0.25,0.15,0.03,0.0,0.0,0.0,Topic 0,Cluster 1
Doc 1085,0.11,0.88,0.0,0.0,0.0,0.0,0.0,Topic 1,Cluster 1
Doc 1086,0.0,0.11,0.0,0.0,0.89,0.0,0.0,Topic 4,Cluster 1
Doc 1087,0.2,0.0,0.0,0.8,0.0,0.0,0.0,Topic 3,Cluster 1
Doc 1088,0.26,0.07,0.0,0.0,0.32,0.09,0.26,Topic 4,Cluster 1
Doc 1089,0.16,0.15,0.0,0.0,0.69,0.0,0.0,Topic 4,Cluster 1
Doc 1090,0.0,0.0,0.0,0.0,0.0,0.0,1.0,Topic 6,Cluster 1
Doc 1091,0.0,0.0,0.0,0.0,0.99,0.0,0.0,Topic 4,Cluster 1
