,Topic0,Topic1,Topic2,Topic3,Topic4,Topic5,Topic6,topic,Cluster
Doc0,0.0,0.0,0.97,0.0,0.0,0.0,0.0,2,Cluster 2
Doc1,0.0,0.0,0.97,0.0,0.0,0.0,0.0,2,Cluster 2
Doc2,0.0,0.0,0.98,0.0,0.0,0.0,0.0,2,Cluster 2
Doc3,0.0,0.0,0.98,0.0,0.0,0.0,0.0,2,Cluster 2
Doc4,0.0,0.0,0.98,0.0,0.0,0.0,0.0,2,Cluster 2
Doc5,0.0,0.0,0.98,0.0,0.0,0.0,0.0,2,Cluster 2
Doc6,0.0,0.0,0.97,0.0,0.0,0.0,0.0,2,Cluster 2
Doc7,0.0,0.0,0.98,0.0,0.0,0.0,0.0,2,Cluster 2
Doc8,0.01,0.01,0.97,0.01,0.01,0.01,0.01,2,Cluster 2
Doc9,0.0,0.0,0.98,0.0,0.0,0.0,0.0,2,Cluster 2
Doc10,0.0,0.0,0.98,0.0,0.0,0.0,0.0,2,Cluster 2
Doc11,0.0,0.0,0.98,0.0,0.0,0.0,0.0,2,Cluster 2
Doc12,0.0,0.0,0.98,0.0,0.0,0.0,0.0,2,Cluster 2
Doc13,0.0,0.0,0.97,0.0,0.0,0.0,0.0,2,Cluster 2
Doc14,0.0,0.0,0.98,0.0,0.0,0.0,0.0,2,Cluster 2
Doc15,0.0,0.0,0.98,0.0,0.0,0.0,0.0,2,Cluster 2
Doc16,0.01,0.01,0.97,0.01,0.01,0.01,0.01,2,Cluster 2
Doc17,0.0,0.0,0.98,0.0,0.0,0.0,0.0,2,Cluster 2
Doc18,0.0,0.0,0.98,0.0,0.0,0.0,0.0,2,Cluster 2
Doc19,0.01,0.01,0.97,0.01,0.01,0.01,0.01,2,Cluster 2
Doc20,0.0,0.0,0.98,0.0,0.0,0.0,0.0,2,Cluster 2
Doc21,0.0,0.0,0.98,0.0,0.0,0.0,0.0,2,Cluster 2
Doc22,0.0,0.0,0.98,0.0,0.0,0.0,0.0,2,Cluster 2
Doc23,0.0,0.0,0.98,0.0,0.0,0.0,0.0,2,Cluster 2
Doc24,0.0,0.0,0.98,0.0,0.0,0.0,0.0,2,Cluster 2
Doc25,0.0,0.0,0.98,0.0,0.0,0.0,0.0,2,Cluster 2
Doc26,0.0,0.0,0.98,0.0,0.0,0.0,0.0,2,Cluster 2
Doc27,0.01,0.01,0.96,0.01,0.01,0.01,0.01,2,Cluster 2
Doc28,0.0,0.0,0.98,0.0,0.0,0.0,0.0,2,Cluster 2
Doc29,0.0,0.0,0.97,0.0,0.0,0.0,0.0,2,Cluster 2
Doc30,0.0,0.0,0.98,0.0,0.0,0.0,0.0,2,Cluster 2
Doc31,0.0,0.0,0.98,0.0,0.0,0.0,0.0,2,Cluster 2
Doc32,0.0,0.0,0.97,0.0,0.0,0.0,0.0,2,Cluster 2
Doc33,0.0,0.0,0.98,0.0,0.0,0.0,0.0,2,Cluster 2
Doc34,0.0,0.0,0.97,0.0,0.0,0.0,0.0,2,Cluster 2
Doc35,0.0,0.0,0.97,0.0,0.0,0.0,0.0,2,Cluster 2
Doc36,0.0,0.0,0.97,0.0,0.0,0.0,0.0,2,Cluster 2
Doc37,0.0,0.0,0.98,0.0,0.0,0.0,0.0,2,Cluster 2
Doc38,0.0,0.0,0.97,0.0,0.0,0.0,0.0,2,Cluster 2
Doc39,0.0,0.0,0.98,0.0,0.0,0.0,0.0,2,Cluster 2
Doc40,0.0,0.0,0.97,0.0,0.0,0.0,0.0,2,Cluster 2
Doc41,0.0,0.0,0.97,0.0,0.0,0.0,0.0,2,Cluster 2
Doc42,0.0,0.0,0.98,0.0,0.0,0.0,0.0,2,Cluster 2
Doc43,0.0,0.0,0.98,0.0,0.0,0.0,0.0,2,Cluster 2
Doc44,0.0,0.0,0.98,0.0,0.0,0.0,0.0,2,Cluster 2
Doc45,0.0,0.0,0.98,0.0,0.0,0.0,0.0,2,Cluster 2
Doc46,0.0,0.0,0.98,0.0,0.0,0.0,0.0,2,Cluster 2
Doc47,0.0,0.0,0.97,0.0,0.0,0.0,0.0,2,Cluster 2
Doc48,0.0,0.0,0.98,0.0,0.0,0.0,0.0,2,Cluster 2
Doc49,0.0,0.0,0.97,0.0,0.0,0.0,0.0,2,Cluster 2
Doc50,0.0,0.0,0.98,0.0,0.0,0.0,0.0,2,Cluster 2
Doc51,0.0,0.0,0.98,0.0,0.0,0.0,0.0,2,Cluster 2
Doc52,0.0,0.0,0.98,0.0,0.0,0.0,0.0,2,Cluster 2
Doc53,0.0,0.0,0.98,0.0,0.0,0.0,0.0,2,Cluster 2
Doc54,0.0,0.0,0.98,0.0,0.0,0.0,0.0,2,Cluster 2
Doc55,0.0,0.0,0.98,0.0,0.0,0.0,0.0,2,Cluster 2
Doc56,0.0,0.0,0.98,0.0,0.0,0.0,0.0,2,Cluster 2
Doc57,0.0,0.0,0.98,0.0,0.0,0.0,0.0,2,Cluster 2
Doc58,0.0,0.0,0.99,0.0,0.0,0.0,0.0,2,Cluster 4
Doc59,0.0,0.0,0.98,0.0,0.0,0.0,0.0,2,Cluster 2
Doc60,0.01,0.01,0.97,0.01,0.01,0.01,0.01,2,Cluster 2
Doc61,0.0,0.0,0.98,0.0,0.0,0.0,0.0,2,Cluster 2
Doc62,0.0,0.0,0.98,0.0,0.0,0.0,0.0,2,Cluster 2
Doc63,0.0,0.0,0.97,0.0,0.0,0.0,0.0,2,Cluster 2
Doc64,0.0,0.0,0.98,0.0,0.0,0.0,0.0,2,Cluster 2
Doc65,0.0,0.0,0.98,0.0,0.0,0.0,0.0,2,Cluster 2
Doc66,0.0,0.0,0.98,0.0,0.0,0.0,0.0,2,Cluster 2
Doc67,0.0,0.0,0.98,0.0,0.0,0.0,0.0,2,Cluster 2
Doc68,0.0,0.0,0.98,0.0,0.0,0.0,0.0,2,Cluster 2
Doc69,0.0,0.0,0.98,0.0,0.0,0.0,0.0,2,Cluster 2
Doc70,0.0,0.0,0.98,0.0,0.0,0.0,0.0,2,Cluster 2
Doc71,0.0,0.0,0.98,0.0,0.0,0.0,0.0,2,Cluster 2
Doc72,0.0,0.0,0.97,0.0,0.0,0.0,0.0,2,Cluster 2
Doc73,0.0,0.0,0.97,0.0,0.0,0.0,0.0,2,Cluster 2
Doc74,0.0,0.0,0.98,0.0,0.0,0.0,0.0,2,Cluster 2
Doc75,0.0,0.0,0.97,0.0,0.0,0.0,0.0,2,Cluster 2
Doc76,0.0,0.0,0.97,0.0,0.0,0.0,0.0,2,Cluster 2
Doc77,0.0,0.0,0.97,0.0,0.0,0.0,0.0,2,Cluster 2
Doc78,0.0,0.0,0.98,0.0,0.0,0.0,0.0,2,Cluster 2
Doc79,0.0,0.0,0.98,0.0,0.0,0.0,0.0,2,Cluster 2
Doc80,0.0,0.0,0.97,0.0,0.0,0.0,0.0,2,Cluster 2
Doc81,0.0,0.0,0.97,0.0,0.0,0.0,0.0,2,Cluster 2
Doc82,0.01,0.01,0.96,0.01,0.01,0.01,0.01,2,Cluster 2
Doc83,0.0,0.0,0.98,0.0,0.0,0.0,0.0,2,Cluster 2
Doc84,0.0,0.0,0.97,0.0,0.0,0.0,0.0,2,Cluster 2
Doc85,0.0,0.0,0.98,0.0,0.0,0.0,0.0,2,Cluster 2
Doc86,0.0,0.0,0.98,0.0,0.0,0.0,0.0,2,Cluster 2
Doc87,0.01,0.01,0.97,0.01,0.01,0.01,0.01,2,Cluster 2
Doc88,0.0,0.0,0.98,0.0,0.0,0.0,0.0,2,Cluster 2
Doc89,0.0,0.0,0.98,0.0,0.0,0.0,0.0,2,Cluster 2
Doc90,0.0,0.0,0.98,0.0,0.0,0.0,0.0,2,Cluster 2
Doc91,0.01,0.01,0.97,0.01,0.01,0.01,0.01,2,Cluster 2
Doc92,0.0,0.0,0.98,0.0,0.0,0.0,0.0,2,Cluster 2
Doc93,0.0,0.0,0.98,0.0,0.0,0.0,0.0,2,Cluster 2
Doc94,0.0,0.0,0.98,0.0,0.0,0.0,0.0,2,Cluster 2
Doc95,0.0,0.0,0.98,0.0,0.0,0.0,0.0,2,Cluster 2
Doc96,0.0,0.0,0.98,0.0,0.0,0.0,0.0,2,Cluster 2
Doc97,0.0,0.0,0.97,0.0,0.0,0.0,0.0,2,Cluster 2
Doc98,0.0,0.0,0.97,0.0,0.0,0.0,0.0,2,Cluster 2
Doc99,0.0,0.0,0.98,0.0,0.0,0.0,0.0,2,Cluster 2
Doc100,0.0,0.0,0.98,0.0,0.0,0.0,0.0,2,Cluster 2
Doc101,0.0,0.0,0.98,0.0,0.0,0.0,0.0,2,Cluster 2
Doc102,0.0,0.0,0.98,0.0,0.0,0.0,0.0,2,Cluster 2
Doc103,0.0,0.0,0.98,0.0,0.0,0.0,0.0,2,Cluster 2
Doc104,0.0,0.0,0.98,0.0,0.0,0.0,0.0,2,Cluster 2
Doc105,0.0,0.0,0.98,0.0,0.0,0.0,0.0,2,Cluster 2
Doc106,0.0,0.0,0.98,0.0,0.0,0.0,0.0,2,Cluster 2
Doc107,0.01,0.01,0.97,0.01,0.01,0.01,0.01,2,Cluster 2
Doc108,0.0,0.0,0.97,0.0,0.0,0.0,0.0,2,Cluster 2
Doc109,0.01,0.01,0.97,0.01,0.01,0.01,0.01,2,Cluster 2
Doc110,0.0,0.0,0.98,0.0,0.0,0.0,0.0,2,Cluster 2
Doc111,0.0,0.0,0.98,0.0,0.0,0.0,0.0,2,Cluster 2
Doc112,0.0,0.0,0.98,0.0,0.0,0.0,0.0,2,Cluster 2
Doc113,0.0,0.0,0.98,0.0,0.0,0.0,0.0,2,Cluster 2
Doc114,0.0,0.0,0.98,0.0,0.0,0.0,0.0,2,Cluster 2
Doc115,0.0,0.0,0.98,0.0,0.0,0.0,0.0,2,Cluster 2
Doc116,0.0,0.0,0.97,0.0,0.0,0.0,0.0,2,Cluster 2
Doc117,0.0,0.0,0.98,0.0,0.0,0.0,0.0,2,Cluster 2
Doc118,0.0,0.0,0.97,0.0,0.0,0.0,0.0,2,Cluster 2
Doc119,0.0,0.0,0.98,0.0,0.0,0.0,0.0,2,Cluster 2
Doc120,0.0,0.0,0.97,0.0,0.0,0.0,0.0,2,Cluster 2
Doc121,0.01,0.01,0.97,0.01,0.01,0.01,0.01,2,Cluster 2
Doc122,0.0,0.0,0.97,0.0,0.0,0.0,0.0,2,Cluster 2
Doc123,0.01,0.01,0.97,0.01,0.01,0.01,0.01,2,Cluster 2
Doc124,0.0,0.0,0.98,0.0,0.0,0.0,0.0,2,Cluster 2
Doc125,0.0,0.0,0.97,0.0,0.0,0.0,0.0,2,Cluster 2
Doc126,0.0,0.0,0.98,0.0,0.0,0.0,0.0,2,Cluster 2
Doc127,0.0,0.0,0.97,0.0,0.0,0.0,0.0,2,Cluster 2
Doc128,0.0,0.0,0.98,0.0,0.0,0.0,0.0,2,Cluster 2
Doc129,0.0,0.0,0.98,0.0,0.0,0.0,0.0,2,Cluster 2
Doc130,0.0,0.0,0.98,0.0,0.0,0.0,0.0,2,Cluster 2
Doc131,0.0,0.0,0.97,0.0,0.0,0.0,0.0,2,Cluster 2
Doc132,0.0,0.0,0.98,0.0,0.0,0.0,0.0,2,Cluster 2
Doc133,0.0,0.0,0.98,0.0,0.0,0.0,0.0,2,Cluster 2
Doc134,0.0,0.0,0.97,0.0,0.0,0.0,0.0,2,Cluster 2
Doc135,0.01,0.01,0.97,0.01,0.01,0.01,0.01,2,Cluster 2
Doc136,0.0,0.0,0.98,0.0,0.0,0.0,0.0,2,Cluster 2
Doc137,0.0,0.0,0.98,0.0,0.0,0.0,0.0,2,Cluster 2
Doc138,0.0,0.0,0.97,0.0,0.0,0.0,0.0,2,Cluster 2
Doc139,0.0,0.0,0.98,0.0,0.0,0.0,0.0,2,Cluster 2
Doc140,0.0,0.0,0.98,0.0,0.0,0.0,0.0,2,Cluster 2
Doc141,0.0,0.0,0.98,0.0,0.0,0.0,0.0,2,Cluster 2
Doc142,0.01,0.01,0.97,0.01,0.01,0.01,0.01,2,Cluster 2
Doc143,0.01,0.01,0.97,0.01,0.01,0.01,0.01,2,Cluster 2
Doc144,0.0,0.0,0.98,0.0,0.0,0.0,0.0,2,Cluster 2
Doc145,0.0,0.0,0.98,0.0,0.0,0.0,0.0,2,Cluster 2
Doc146,0.0,0.0,0.98,0.0,0.0,0.0,0.0,2,Cluster 2
Doc147,0.0,0.0,0.98,0.0,0.0,0.0,0.0,2,Cluster 2
Doc148,0.0,0.0,0.98,0.0,0.0,0.0,0.0,2,Cluster 2
Doc149,0.0,0.0,0.98,0.0,0.0,0.0,0.0,2,Cluster 2
Doc150,0.0,0.0,0.97,0.0,0.0,0.0,0.0,2,Cluster 2
Doc151,0.0,0.0,0.98,0.0,0.0,0.0,0.0,2,Cluster 2
Doc152,0.0,0.0,0.98,0.0,0.0,0.0,0.0,2,Cluster 2
Doc153,0.0,0.0,0.98,0.0,0.0,0.0,0.0,2,Cluster 2
Doc154,0.0,0.0,0.98,0.0,0.0,0.0,0.0,2,Cluster 2
Doc155,0.0,0.0,0.98,0.0,0.0,0.0,0.0,2,Cluster 2
Doc156,0.0,0.0,0.97,0.0,0.0,0.0,0.0,2,Cluster 2
Doc157,0.0,0.0,0.97,0.0,0.0,0.0,0.0,2,Cluster 2
Doc158,0.0,0.0,0.97,0.0,0.0,0.0,0.0,2,Cluster 2
Doc159,0.0,0.0,0.98,0.0,0.0,0.0,0.0,2,Cluster 2
Doc160,0.0,0.0,0.98,0.0,0.0,0.0,0.0,2,Cluster 2
Doc161,0.0,0.0,0.98,0.0,0.0,0.0,0.0,2,Cluster 2
Doc162,0.0,0.0,0.98,0.0,0.0,0.0,0.0,2,Cluster 2
Doc163,0.0,0.0,0.98,0.0,0.0,0.0,0.0,2,Cluster 2
Doc164,0.0,0.0,0.98,0.0,0.0,0.0,0.0,2,Cluster 2
Doc165,0.0,0.0,0.98,0.0,0.0,0.0,0.0,2,Cluster 2
Doc166,0.0,0.0,0.98,0.0,0.0,0.0,0.0,2,Cluster 2
Doc167,0.0,0.0,0.98,0.0,0.0,0.0,0.0,2,Cluster 2
Doc168,0.0,0.0,0.98,0.0,0.0,0.0,0.0,2,Cluster 2
Doc169,0.0,0.0,0.97,0.0,0.0,0.0,0.0,2,Cluster 2
Doc170,0.0,0.0,0.98,0.0,0.0,0.0,0.0,2,Cluster 2
Doc171,0.0,0.0,0.97,0.0,0.0,0.0,0.0,2,Cluster 2
Doc172,0.0,0.0,0.98,0.0,0.0,0.0,0.0,2,Cluster 2
Doc173,0.0,0.0,0.97,0.0,0.0,0.0,0.0,2,Cluster 2
Doc174,0.01,0.01,0.96,0.01,0.01,0.01,0.01,2,Cluster 2
Doc175,0.0,0.0,0.98,0.0,0.0,0.0,0.0,2,Cluster 2
Doc176,0.0,0.0,0.97,0.0,0.0,0.0,0.0,2,Cluster 2
Doc177,0.0,0.0,0.98,0.0,0.0,0.0,0.0,2,Cluster 2
Doc178,0.0,0.0,0.98,0.0,0.0,0.0,0.0,2,Cluster 2
Doc179,0.0,0.0,0.98,0.0,0.0,0.0,0.0,2,Cluster 2
Doc180,0.0,0.0,0.98,0.0,0.0,0.0,0.0,2,Cluster 2
Doc181,0.0,0.0,0.97,0.0,0.0,0.0,0.0,2,Cluster 2
Doc182,0.0,0.0,0.98,0.0,0.0,0.0,0.0,2,Cluster 2
Doc183,0.0,0.0,0.97,0.0,0.0,0.0,0.0,2,Cluster 2
Doc184,0.0,0.0,0.98,0.0,0.0,0.0,0.0,2,Cluster 2
Doc185,0.0,0.0,0.98,0.0,0.0,0.0,0.0,2,Cluster 2
Doc186,0.0,0.0,0.97,0.0,0.0,0.0,0.0,2,Cluster 2
Doc187,0.01,0.01,0.97,0.01,0.01,0.01,0.01,2,Cluster 2
Doc188,0.0,0.0,0.98,0.0,0.0,0.0,0.0,2,Cluster 2
Doc189,0.0,0.0,0.98,0.0,0.0,0.0,0.0,2,Cluster 2
Doc190,0.0,0.0,0.98,0.0,0.0,0.0,0.0,2,Cluster 2
Doc191,0.0,0.0,0.98,0.0,0.0,0.0,0.0,2,Cluster 2
Doc192,0.0,0.0,0.98,0.0,0.0,0.0,0.0,2,Cluster 2
Doc193,0.01,0.01,0.97,0.01,0.01,0.01,0.01,2,Cluster 2
Doc194,0.0,0.0,0.98,0.0,0.0,0.0,0.0,2,Cluster 2
Doc195,0.0,0.0,0.98,0.0,0.0,0.0,0.0,2,Cluster 2
Doc196,0.0,0.0,0.98,0.0,0.0,0.0,0.0,2,Cluster 2
Doc197,0.0,0.0,0.98,0.0,0.0,0.0,0.0,2,Cluster 2
Doc198,0.0,0.0,0.98,0.0,0.0,0.0,0.0,2,Cluster 2
Doc199,0.01,0.01,0.97,0.01,0.01,0.01,0.01,2,Cluster 2
Doc200,0.0,0.0,0.97,0.0,0.0,0.0,0.0,2,Cluster 2
Doc201,0.01,0.01,0.97,0.01,0.01,0.01,0.01,2,Cluster 2
Doc202,0.0,0.0,0.98,0.0,0.0,0.0,0.0,2,Cluster 2
Doc203,0.0,0.0,0.98,0.0,0.0,0.0,0.0,2,Cluster 2
Doc204,0.0,0.0,0.97,0.0,0.0,0.0,0.0,2,Cluster 2
Doc205,0.0,0.0,0.98,0.0,0.0,0.0,0.0,2,Cluster 2
Doc206,0.0,0.0,0.98,0.0,0.0,0.0,0.0,2,Cluster 2
Doc207,0.01,0.01,0.97,0.01,0.01,0.01,0.01,2,Cluster 2
Doc208,0.0,0.0,0.97,0.0,0.0,0.0,0.0,2,Cluster 2
Doc209,0.0,0.0,0.97,0.0,0.0,0.0,0.0,2,Cluster 2
Doc210,0.0,0.0,0.97,0.0,0.0,0.0,0.0,2,Cluster 2
Doc211,0.0,0.0,0.98,0.0,0.0,0.0,0.0,2,Cluster 2
Doc212,0.0,0.0,0.97,0.0,0.0,0.0,0.0,2,Cluster 2
Doc213,0.0,0.0,0.98,0.0,0.0,0.0,0.0,2,Cluster 2
Doc214,0.0,0.0,0.98,0.0,0.0,0.0,0.0,2,Cluster 2
Doc215,0.0,0.0,0.97,0.0,0.0,0.0,0.0,2,Cluster 2
Doc216,0.0,0.0,0.97,0.0,0.0,0.0,0.0,2,Cluster 2
Doc217,0.0,0.0,0.98,0.0,0.0,0.0,0.0,2,Cluster 2
Doc218,0.0,0.0,0.98,0.0,0.0,0.0,0.0,2,Cluster 2
Doc219,0.0,0.0,0.97,0.0,0.0,0.0,0.0,2,Cluster 2
Doc220,0.0,0.0,0.97,0.0,0.0,0.0,0.0,2,Cluster 2
Doc221,0.0,0.0,0.98,0.0,0.0,0.0,0.0,2,Cluster 2
Doc222,0.0,0.0,0.98,0.0,0.0,0.0,0.0,2,Cluster 2
Doc223,0.0,0.0,0.98,0.0,0.0,0.0,0.0,2,Cluster 2
Doc224,0.0,0.0,0.97,0.0,0.0,0.0,0.0,2,Cluster 2
Doc225,0.0,0.0,0.97,0.0,0.0,0.0,0.0,2,Cluster 2
Doc226,0.0,0.0,0.98,0.0,0.0,0.0,0.0,2,Cluster 2
Doc227,0.0,0.0,0.98,0.0,0.0,0.0,0.0,2,Cluster 2
Doc228,0.0,0.0,0.98,0.0,0.0,0.0,0.0,2,Cluster 2
Doc229,0.0,0.0,0.98,0.0,0.0,0.0,0.0,2,Cluster 2
Doc230,0.0,0.0,0.97,0.0,0.0,0.0,0.0,2,Cluster 2
Doc231,0.0,0.0,0.98,0.0,0.0,0.0,0.0,2,Cluster 2
Doc232,0.0,0.0,0.97,0.0,0.0,0.0,0.0,2,Cluster 2
Doc233,0.0,0.0,0.98,0.0,0.0,0.0,0.0,2,Cluster 2
Doc234,0.0,0.0,0.98,0.0,0.0,0.0,0.0,2,Cluster 2
Doc235,0.0,0.0,0.98,0.0,0.0,0.0,0.0,2,Cluster 2
Doc236,0.0,0.0,0.98,0.0,0.0,0.0,0.0,2,Cluster 2
Doc237,0.0,0.0,0.98,0.0,0.0,0.0,0.0,2,Cluster 2
Doc238,0.0,0.0,0.97,0.0,0.0,0.0,0.0,2,Cluster 2
Doc239,0.0,0.0,0.98,0.0,0.0,0.0,0.0,2,Cluster 2
Doc240,0.0,0.0,0.98,0.0,0.0,0.0,0.0,2,Cluster 2
Doc241,0.0,0.0,0.98,0.0,0.0,0.0,0.0,2,Cluster 2
Doc242,0.0,0.0,0.98,0.0,0.0,0.0,0.0,2,Cluster 2
Doc243,0.0,0.0,0.98,0.0,0.0,0.0,0.0,2,Cluster 2
Doc244,0.0,0.0,0.98,0.0,0.0,0.0,0.0,2,Cluster 2
Doc245,0.0,0.0,0.98,0.0,0.0,0.0,0.0,2,Cluster 2
Doc246,0.0,0.0,0.98,0.0,0.0,0.0,0.0,2,Cluster 2
Doc247,0.0,0.0,0.97,0.0,0.0,0.0,0.0,2,Cluster 2
Doc248,0.0,0.0,0.98,0.0,0.0,0.0,0.0,2,Cluster 2
Doc249,0.0,0.0,0.97,0.0,0.0,0.0,0.0,2,Cluster 2
Doc250,0.01,0.01,0.96,0.01,0.01,0.01,0.01,2,Cluster 2
Doc251,0.0,0.0,0.98,0.0,0.0,0.0,0.0,2,Cluster 2
Doc252,0.0,0.0,0.98,0.0,0.0,0.0,0.0,2,Cluster 2
Doc253,0.0,0.0,0.98,0.0,0.0,0.0,0.0,2,Cluster 2
Doc254,0.0,0.0,0.98,0.0,0.0,0.0,0.0,2,Cluster 2
Doc255,0.0,0.0,0.98,0.0,0.0,0.0,0.0,2,Cluster 2
Doc256,0.0,0.0,0.98,0.0,0.0,0.0,0.0,2,Cluster 2
Doc257,0.0,0.0,0.98,0.0,0.0,0.0,0.0,2,Cluster 2
Doc258,0.0,0.0,0.98,0.0,0.0,0.0,0.0,2,Cluster 2
Doc259,0.0,0.0,0.98,0.0,0.0,0.0,0.0,2,Cluster 2
Doc260,0.0,0.0,0.98,0.0,0.0,0.0,0.0,2,Cluster 2
Doc261,0.01,0.01,0.97,0.01,0.01,0.01,0.01,2,Cluster 2
Doc262,0.0,0.0,0.98,0.0,0.0,0.0,0.0,2,Cluster 2
Doc263,0.0,0.0,0.98,0.0,0.0,0.0,0.0,2,Cluster 2
Doc264,0.0,0.0,0.98,0.0,0.0,0.0,0.0,2,Cluster 2
Doc265,0.0,0.0,0.97,0.0,0.0,0.0,0.0,2,Cluster 2
Doc266,0.0,0.0,0.98,0.0,0.0,0.0,0.0,2,Cluster 2
Doc267,0.0,0.0,0.98,0.0,0.0,0.0,0.0,2,Cluster 2
Doc268,0.0,0.0,0.98,0.0,0.0,0.0,0.0,2,Cluster 2
Doc269,0.01,0.01,0.96,0.01,0.01,0.01,0.01,2,Cluster 2
Doc270,0.0,0.0,0.98,0.0,0.0,0.0,0.0,2,Cluster 2
Doc271,0.0,0.0,0.98,0.0,0.0,0.0,0.0,2,Cluster 2
Doc272,0.0,0.0,0.98,0.0,0.0,0.0,0.0,2,Cluster 2
Doc273,0.0,0.0,0.98,0.0,0.0,0.0,0.0,2,Cluster 2
Doc274,0.0,0.0,0.97,0.0,0.0,0.0,0.0,2,Cluster 2
Doc275,0.0,0.0,0.97,0.0,0.0,0.0,0.0,2,Cluster 2
Doc276,0.0,0.0,0.98,0.0,0.0,0.0,0.0,2,Cluster 2
Doc277,0.0,0.0,0.98,0.0,0.0,0.0,0.0,2,Cluster 2
Doc278,0.01,0.01,0.97,0.01,0.01,0.01,0.01,2,Cluster 2
Doc279,0.0,0.0,0.98,0.0,0.0,0.0,0.0,2,Cluster 2
Doc280,0.0,0.0,0.98,0.0,0.0,0.0,0.0,2,Cluster 2
Doc281,0.0,0.0,0.98,0.0,0.0,0.0,0.0,2,Cluster 2
Doc282,0.0,0.0,0.98,0.0,0.0,0.0,0.0,2,Cluster 2
Doc283,0.0,0.0,0.98,0.0,0.0,0.0,0.0,2,Cluster 2
Doc284,0.0,0.0,0.97,0.0,0.0,0.0,0.0,2,Cluster 2
Doc285,0.0,0.0,0.98,0.0,0.0,0.0,0.0,2,Cluster 2
Doc286,0.0,0.0,0.98,0.0,0.0,0.0,0.0,2,Cluster 2
Doc287,0.0,0.0,0.97,0.0,0.0,0.0,0.0,2,Cluster 2
Doc288,0.0,0.0,0.98,0.0,0.0,0.0,0.0,2,Cluster 2
Doc289,0.0,0.0,0.98,0.0,0.0,0.0,0.0,2,Cluster 2
Doc290,0.0,0.0,0.98,0.0,0.0,0.0,0.0,2,Cluster 2
Doc291,0.0,0.0,0.97,0.0,0.0,0.0,0.0,2,Cluster 2
Doc292,0.0,0.0,0.98,0.0,0.0,0.0,0.0,2,Cluster 2
Doc293,0.0,0.0,0.98,0.0,0.0,0.0,0.0,2,Cluster 2
Doc294,0.0,0.0,0.98,0.0,0.0,0.0,0.0,2,Cluster 2
Doc295,0.0,0.0,0.98,0.0,0.0,0.0,0.0,2,Cluster 2
Doc296,0.0,0.0,0.98,0.0,0.0,0.0,0.0,2,Cluster 2
Doc297,0.01,0.01,0.97,0.01,0.01,0.01,0.01,2,Cluster 2
Doc298,0.0,0.0,0.98,0.0,0.0,0.0,0.0,2,Cluster 2
Doc299,0.0,0.0,0.98,0.0,0.0,0.0,0.0,2,Cluster 2
Doc300,0.0,0.0,0.98,0.0,0.0,0.0,0.0,2,Cluster 2
Doc301,0.0,0.0,0.98,0.0,0.0,0.0,0.0,2,Cluster 2
Doc302,0.0,0.0,0.98,0.0,0.0,0.0,0.0,2,Cluster 2
Doc303,0.0,0.0,0.97,0.0,0.0,0.0,0.0,2,Cluster 2
Doc304,0.0,0.0,0.98,0.0,0.0,0.0,0.0,2,Cluster 2
Doc305,0.0,0.0,0.97,0.0,0.0,0.0,0.0,2,Cluster 2
Doc306,0.0,0.0,0.97,0.0,0.0,0.0,0.0,2,Cluster 2
Doc307,0.0,0.0,0.98,0.0,0.0,0.0,0.0,2,Cluster 2
Doc308,0.01,0.01,0.97,0.01,0.01,0.01,0.01,2,Cluster 2
Doc309,0.01,0.01,0.96,0.01,0.01,0.01,0.01,2,Cluster 2
Doc310,0.0,0.0,0.98,0.0,0.0,0.0,0.0,2,Cluster 2
Doc311,0.0,0.0,0.98,0.0,0.0,0.0,0.0,2,Cluster 2
Doc312,0.0,0.0,0.97,0.0,0.0,0.0,0.0,2,Cluster 2
Doc313,0.0,0.0,0.97,0.0,0.0,0.0,0.0,2,Cluster 2
Doc314,0.0,0.0,0.97,0.0,0.0,0.0,0.0,2,Cluster 2
Doc315,0.0,0.0,0.98,0.0,0.0,0.0,0.0,2,Cluster 2
Doc316,0.01,0.01,0.96,0.01,0.01,0.01,0.01,2,Cluster 2
Doc317,0.01,0.01,0.96,0.01,0.01,0.01,0.01,2,Cluster 2
Doc318,0.0,0.0,0.98,0.0,0.0,0.0,0.0,2,Cluster 2
Doc319,0.0,0.0,0.98,0.0,0.0,0.0,0.0,2,Cluster 2
Doc320,0.0,0.0,0.98,0.0,0.0,0.0,0.0,2,Cluster 2
Doc321,0.0,0.0,0.97,0.0,0.0,0.0,0.0,2,Cluster 2
Doc322,0.0,0.0,0.98,0.0,0.0,0.0,0.0,2,Cluster 2
Doc323,0.0,0.0,0.98,0.0,0.0,0.0,0.0,2,Cluster 2
Doc324,0.0,0.0,0.98,0.0,0.0,0.0,0.0,2,Cluster 2
Doc325,0.0,0.0,0.97,0.0,0.0,0.0,0.0,2,Cluster 2
Doc326,0.0,0.0,0.98,0.0,0.0,0.0,0.0,2,Cluster 2
Doc327,0.0,0.0,0.98,0.0,0.0,0.0,0.0,2,Cluster 2
Doc328,0.0,0.0,0.98,0.0,0.0,0.0,0.0,2,Cluster 2
Doc329,0.0,0.0,0.98,0.0,0.0,0.0,0.0,2,Cluster 2
Doc330,0.0,0.0,0.98,0.0,0.0,0.0,0.0,2,Cluster 2
Doc331,0.0,0.0,0.98,0.0,0.0,0.0,0.0,2,Cluster 2
Doc332,0.0,0.0,0.98,0.0,0.0,0.0,0.0,2,Cluster 2
Doc333,0.01,0.01,0.96,0.01,0.01,0.01,0.01,2,Cluster 2
Doc334,0.0,0.0,0.98,0.0,0.0,0.0,0.0,2,Cluster 2
Doc335,0.0,0.0,0.98,0.0,0.0,0.0,0.0,2,Cluster 2
Doc336,0.0,0.0,0.98,0.0,0.0,0.0,0.0,2,Cluster 2
Doc337,0.0,0.0,0.98,0.0,0.0,0.0,0.0,2,Cluster 2
Doc338,0.0,0.0,0.98,0.0,0.0,0.0,0.0,2,Cluster 2
Doc339,0.0,0.0,0.98,0.0,0.0,0.0,0.0,2,Cluster 2
Doc340,0.0,0.0,0.98,0.0,0.0,0.0,0.0,2,Cluster 2
Doc341,0.0,0.0,0.98,0.0,0.0,0.0,0.0,2,Cluster 2
Doc342,0.0,0.0,0.97,0.0,0.0,0.0,0.0,2,Cluster 2
Doc343,0.0,0.0,0.97,0.0,0.0,0.0,0.0,2,Cluster 2
Doc344,0.0,0.0,0.98,0.0,0.0,0.0,0.0,2,Cluster 2
Doc345,0.0,0.0,0.97,0.0,0.0,0.0,0.0,2,Cluster 2
Doc346,0.0,0.0,0.98,0.0,0.0,0.0,0.0,2,Cluster 2
Doc347,0.0,0.0,0.98,0.0,0.0,0.0,0.0,2,Cluster 2
Doc348,0.0,0.0,0.99,0.0,0.0,0.0,0.0,2,Cluster 2
Doc349,0.0,0.0,0.98,0.0,0.0,0.0,0.0,2,Cluster 2
Doc350,0.0,0.0,0.98,0.0,0.0,0.0,0.0,2,Cluster 2
Doc351,0.0,0.0,0.98,0.0,0.0,0.0,0.0,2,Cluster 2
Doc352,0.0,0.0,0.98,0.0,0.0,0.0,0.0,2,Cluster 2
Doc353,0.0,0.0,0.98,0.0,0.0,0.0,0.0,2,Cluster 2
Doc354,0.0,0.0,0.98,0.0,0.0,0.0,0.0,2,Cluster 2
Doc355,0.0,0.0,0.98,0.0,0.0,0.0,0.0,2,Cluster 2
Doc356,0.0,0.0,0.98,0.0,0.0,0.0,0.0,2,Cluster 2
Doc357,0.0,0.0,0.98,0.0,0.0,0.0,0.0,2,Cluster 2
Doc358,0.01,0.01,0.97,0.01,0.01,0.01,0.01,2,Cluster 2
Doc359,0.0,0.0,0.98,0.0,0.0,0.0,0.0,2,Cluster 2
Doc360,0.0,0.0,0.98,0.0,0.0,0.0,0.0,2,Cluster 2
Doc361,0.01,0.01,0.97,0.01,0.01,0.01,0.01,2,Cluster 2
Doc362,0.0,0.0,0.98,0.0,0.0,0.0,0.0,2,Cluster 2
Doc363,0.0,0.0,0.98,0.0,0.0,0.0,0.0,2,Cluster 2
Doc364,0.0,0.0,0.98,0.0,0.0,0.0,0.0,2,Cluster 2
Doc365,0.0,0.0,0.98,0.0,0.0,0.0,0.0,2,Cluster 2
Doc366,0.0,0.0,0.98,0.0,0.0,0.0,0.0,2,Cluster 2
Doc367,0.0,0.0,0.97,0.0,0.0,0.0,0.0,2,Cluster 2
Doc368,0.0,0.0,0.98,0.0,0.0,0.0,0.0,2,Cluster 2
Doc369,0.0,0.0,0.98,0.0,0.0,0.0,0.0,2,Cluster 2
Doc370,0.0,0.0,0.97,0.0,0.0,0.0,0.0,2,Cluster 2
Doc371,0.0,0.0,0.97,0.0,0.0,0.0,0.0,2,Cluster 2
Doc372,0.0,0.0,0.97,0.0,0.0,0.0,0.0,2,Cluster 2
Doc373,0.0,0.0,0.97,0.0,0.0,0.0,0.0,2,Cluster 2
Doc374,0.01,0.01,0.97,0.01,0.01,0.01,0.01,2,Cluster 2
Doc375,0.01,0.01,0.97,0.01,0.01,0.01,0.01,2,Cluster 2
Doc376,0.01,0.01,0.97,0.01,0.01,0.01,0.01,2,Cluster 2
Doc377,0.0,0.0,0.97,0.0,0.0,0.0,0.0,2,Cluster 2
Doc378,0.0,0.0,0.98,0.0,0.0,0.0,0.0,2,Cluster 2
Doc379,0.0,0.0,0.98,0.0,0.0,0.0,0.0,2,Cluster 2
Doc380,0.0,0.0,0.98,0.0,0.0,0.0,0.0,2,Cluster 2
Doc381,0.0,0.0,0.97,0.0,0.0,0.0,0.0,2,Cluster 2
Doc382,0.0,0.0,0.97,0.0,0.0,0.0,0.0,2,Cluster 2
Doc383,0.0,0.0,0.97,0.0,0.0,0.0,0.0,2,Cluster 2
Doc384,0.0,0.0,0.98,0.0,0.0,0.0,0.0,2,Cluster 2
Doc385,0.0,0.0,0.98,0.0,0.0,0.0,0.0,2,Cluster 2
Doc386,0.0,0.0,0.98,0.0,0.0,0.0,0.0,2,Cluster 2
Doc387,0.0,0.0,0.98,0.0,0.0,0.0,0.0,2,Cluster 2
Doc388,0.0,0.0,0.97,0.0,0.0,0.0,0.0,2,Cluster 2
Doc389,0.0,0.0,0.98,0.0,0.0,0.0,0.0,2,Cluster 2
Doc390,0.01,0.01,0.97,0.01,0.01,0.01,0.01,2,Cluster 2
Doc391,0.0,0.0,0.97,0.0,0.0,0.0,0.0,2,Cluster 2
Doc392,0.0,0.0,0.98,0.0,0.0,0.0,0.0,2,Cluster 2
Doc393,0.0,0.0,0.97,0.0,0.0,0.0,0.0,2,Cluster 2
Doc394,0.0,0.0,0.98,0.0,0.0,0.0,0.0,2,Cluster 2
Doc395,0.0,0.0,0.98,0.0,0.0,0.0,0.0,2,Cluster 2
Doc396,0.0,0.0,0.98,0.0,0.0,0.0,0.0,2,Cluster 2
Doc397,0.0,0.0,0.98,0.0,0.0,0.0,0.0,2,Cluster 2
Doc398,0.0,0.0,0.98,0.0,0.0,0.0,0.0,2,Cluster 2
Doc399,0.0,0.0,0.98,0.0,0.0,0.0,0.0,2,Cluster 2
Doc400,0.0,0.0,0.97,0.0,0.0,0.0,0.0,2,Cluster 2
Doc401,0.0,0.0,0.98,0.0,0.0,0.0,0.0,2,Cluster 2
Doc402,0.0,0.0,0.98,0.0,0.0,0.0,0.0,2,Cluster 2
Doc403,0.0,0.0,0.98,0.0,0.0,0.0,0.0,2,Cluster 2
Doc404,0.0,0.0,0.98,0.0,0.0,0.0,0.0,2,Cluster 2
Doc405,0.0,0.0,0.98,0.0,0.0,0.0,0.0,2,Cluster 2
Doc406,0.01,0.01,0.97,0.01,0.01,0.01,0.01,2,Cluster 2
Doc407,0.0,0.0,0.98,0.0,0.0,0.0,0.0,2,Cluster 2
Doc408,0.0,0.0,0.98,0.0,0.0,0.0,0.0,2,Cluster 2
Doc409,0.0,0.0,0.97,0.0,0.0,0.0,0.0,2,Cluster 2
Doc410,0.0,0.0,0.97,0.0,0.0,0.0,0.0,2,Cluster 2
Doc411,0.0,0.0,0.98,0.0,0.0,0.0,0.0,2,Cluster 2
Doc412,0.0,0.0,0.98,0.0,0.0,0.0,0.0,2,Cluster 2
Doc413,0.0,0.0,0.97,0.0,0.0,0.0,0.0,2,Cluster 2
Doc414,0.0,0.0,0.98,0.0,0.0,0.0,0.0,2,Cluster 2
Doc415,0.0,0.0,0.98,0.0,0.0,0.0,0.0,2,Cluster 2
Doc416,0.0,0.0,0.98,0.0,0.0,0.0,0.0,2,Cluster 2
Doc417,0.0,0.0,0.98,0.0,0.0,0.0,0.0,2,Cluster 2
Doc418,0.0,0.0,0.97,0.0,0.0,0.0,0.0,2,Cluster 2
Doc419,0.0,0.0,0.98,0.0,0.0,0.0,0.0,2,Cluster 2
Doc420,0.0,0.0,0.97,0.0,0.0,0.0,0.0,2,Cluster 2
Doc421,0.0,0.0,0.98,0.0,0.0,0.0,0.0,2,Cluster 2
Doc422,0.0,0.0,0.98,0.0,0.0,0.0,0.0,2,Cluster 2
Doc423,0.0,0.0,0.97,0.0,0.0,0.0,0.0,2,Cluster 2
Doc424,0.0,0.0,0.98,0.0,0.0,0.0,0.0,2,Cluster 2
Doc425,0.0,0.0,0.98,0.0,0.0,0.0,0.0,2,Cluster 2
Doc426,0.0,0.0,0.98,0.0,0.0,0.0,0.0,2,Cluster 2
Doc427,0.01,0.01,0.97,0.01,0.01,0.01,0.01,2,Cluster 2
Doc428,0.0,0.0,0.98,0.0,0.0,0.0,0.0,2,Cluster 2
Doc429,0.0,0.0,0.98,0.0,0.0,0.0,0.0,2,Cluster 2
Doc430,0.0,0.0,0.97,0.0,0.0,0.0,0.0,2,Cluster 2
Doc431,0.0,0.0,0.97,0.0,0.0,0.0,0.0,2,Cluster 2
Doc432,0.0,0.0,0.98,0.0,0.0,0.0,0.0,2,Cluster 2
Doc433,0.01,0.01,0.96,0.01,0.01,0.01,0.01,2,Cluster 2
Doc434,0.0,0.0,0.97,0.0,0.0,0.0,0.0,2,Cluster 2
Doc435,0.0,0.0,0.98,0.0,0.0,0.0,0.0,2,Cluster 2
Doc436,0.0,0.0,0.98,0.0,0.0,0.0,0.0,2,Cluster 2
Doc437,0.0,0.0,0.98,0.0,0.0,0.0,0.0,2,Cluster 2
Doc438,0.0,0.0,0.98,0.0,0.0,0.0,0.0,2,Cluster 2
Doc439,0.0,0.0,0.98,0.0,0.0,0.0,0.0,2,Cluster 2
Doc440,0.0,0.0,0.98,0.0,0.0,0.0,0.0,2,Cluster 2
Doc441,0.0,0.0,0.98,0.0,0.0,0.0,0.0,2,Cluster 2
Doc442,0.0,0.0,0.98,0.0,0.0,0.0,0.0,2,Cluster 2
Doc443,0.0,0.0,0.98,0.0,0.0,0.0,0.0,2,Cluster 2
Doc444,0.0,0.0,0.98,0.0,0.0,0.0,0.0,2,Cluster 2
Doc445,0.0,0.0,0.98,0.0,0.0,0.0,0.0,2,Cluster 2
Doc446,0.0,0.0,0.98,0.0,0.0,0.0,0.0,2,Cluster 2
Doc447,0.01,0.01,0.97,0.01,0.01,0.01,0.01,2,Cluster 2
Doc448,0.01,0.01,0.97,0.01,0.01,0.01,0.01,2,Cluster 2
Doc449,0.0,0.0,0.98,0.0,0.0,0.0,0.0,2,Cluster 2
Doc450,0.0,0.0,0.98,0.0,0.0,0.0,0.0,2,Cluster 2
Doc451,0.01,0.01,0.97,0.01,0.01,0.01,0.01,2,Cluster 2
Doc452,0.0,0.0,0.97,0.0,0.0,0.0,0.0,2,Cluster 2
Doc453,0.0,0.0,0.97,0.0,0.0,0.0,0.0,2,Cluster 2
Doc454,0.0,0.0,0.97,0.0,0.0,0.0,0.0,2,Cluster 2
Doc455,0.01,0.01,0.97,0.01,0.01,0.01,0.01,2,Cluster 2
Doc456,0.0,0.0,0.98,0.0,0.0,0.0,0.0,2,Cluster 2
Doc457,0.0,0.0,0.98,0.0,0.0,0.0,0.0,2,Cluster 2
Doc458,0.0,0.0,0.97,0.0,0.0,0.0,0.0,2,Cluster 2
Doc459,0.0,0.0,0.98,0.0,0.0,0.0,0.0,2,Cluster 2
Doc460,0.0,0.0,0.97,0.0,0.0,0.0,0.0,2,Cluster 2
Doc461,0.0,0.0,0.97,0.0,0.0,0.0,0.0,2,Cluster 2
Doc462,0.0,0.0,0.98,0.0,0.0,0.0,0.0,2,Cluster 2
Doc463,0.0,0.0,0.97,0.0,0.0,0.0,0.0,2,Cluster 2
Doc464,0.0,0.0,0.98,0.0,0.0,0.0,0.0,2,Cluster 2
Doc465,0.0,0.0,0.98,0.0,0.0,0.0,0.0,2,Cluster 2
Doc466,0.0,0.0,0.98,0.0,0.0,0.0,0.0,2,Cluster 2
Doc467,0.01,0.01,0.96,0.01,0.01,0.01,0.01,2,Cluster 2
Doc468,0.0,0.0,0.98,0.0,0.0,0.0,0.0,2,Cluster 2
Doc469,0.01,0.01,0.97,0.01,0.01,0.01,0.01,2,Cluster 2
Doc470,0.0,0.0,0.98,0.0,0.0,0.0,0.0,2,Cluster 2
Doc471,0.0,0.0,0.98,0.0,0.0,0.0,0.0,2,Cluster 2
Doc472,0.0,0.0,0.98,0.0,0.0,0.0,0.0,2,Cluster 2
Doc473,0.0,0.0,0.98,0.0,0.0,0.0,0.0,2,Cluster 2
Doc474,0.0,0.0,0.98,0.0,0.0,0.0,0.0,2,Cluster 2
Doc475,0.0,0.0,0.98,0.0,0.0,0.0,0.0,2,Cluster 2
Doc476,0.0,0.0,0.98,0.0,0.0,0.0,0.0,2,Cluster 2
Doc477,0.01,0.01,0.97,0.01,0.01,0.01,0.01,2,Cluster 2
Doc478,0.0,0.0,0.98,0.0,0.0,0.0,0.0,2,Cluster 2
Doc479,0.0,0.0,0.98,0.0,0.0,0.0,0.0,2,Cluster 2
Doc480,0.0,0.0,0.98,0.0,0.0,0.0,0.0,2,Cluster 2
Doc481,0.0,0.0,0.98,0.0,0.0,0.0,0.0,2,Cluster 2
Doc482,0.0,0.0,0.98,0.0,0.0,0.0,0.0,2,Cluster 2
Doc483,0.0,0.0,0.97,0.0,0.0,0.0,0.0,2,Cluster 2
Doc484,0.0,0.0,0.98,0.0,0.0,0.0,0.0,2,Cluster 2
Doc485,0.0,0.0,0.98,0.0,0.0,0.0,0.0,2,Cluster 2
Doc486,0.0,0.0,0.98,0.0,0.0,0.0,0.0,2,Cluster 2
Doc487,0.0,0.0,0.98,0.0,0.0,0.0,0.0,2,Cluster 2
Doc488,0.0,0.0,0.97,0.0,0.0,0.0,0.0,2,Cluster 2
Doc489,0.0,0.0,0.98,0.0,0.0,0.0,0.0,2,Cluster 2
Doc490,0.0,0.0,0.98,0.0,0.0,0.0,0.0,2,Cluster 2
Doc491,0.0,0.0,0.98,0.0,0.0,0.0,0.0,2,Cluster 2
Doc492,0.0,0.0,0.98,0.0,0.0,0.0,0.0,2,Cluster 2
Doc493,0.0,0.0,0.98,0.0,0.0,0.0,0.0,2,Cluster 2
Doc494,0.0,0.0,0.98,0.0,0.0,0.0,0.0,2,Cluster 2
Doc495,0.0,0.0,0.98,0.0,0.0,0.0,0.0,2,Cluster 2
Doc496,0.0,0.0,0.98,0.0,0.0,0.0,0.0,2,Cluster 2
Doc497,0.01,0.01,0.97,0.01,0.01,0.01,0.01,2,Cluster 2
Doc498,0.0,0.0,0.97,0.0,0.0,0.0,0.0,2,Cluster 2
Doc499,0.0,0.0,0.98,0.0,0.0,0.0,0.0,2,Cluster 2
Doc500,0.0,0.0,0.97,0.0,0.0,0.0,0.0,2,Cluster 2
Doc501,0.0,0.0,0.97,0.0,0.0,0.0,0.0,2,Cluster 2
Doc502,0.0,0.0,0.98,0.0,0.0,0.0,0.0,2,Cluster 2
Doc503,0.0,0.0,0.98,0.0,0.0,0.0,0.0,2,Cluster 2
Doc504,0.0,0.0,0.97,0.0,0.0,0.0,0.0,2,Cluster 2
Doc505,0.0,0.0,0.98,0.0,0.0,0.0,0.0,2,Cluster 2
Doc506,0.0,0.0,0.98,0.0,0.0,0.0,0.0,2,Cluster 2
Doc507,0.0,0.0,0.97,0.0,0.0,0.0,0.0,2,Cluster 2
Doc508,0.0,0.0,0.98,0.0,0.0,0.0,0.0,2,Cluster 2
Doc509,0.0,0.0,0.98,0.0,0.0,0.0,0.0,2,Cluster 2
Doc510,0.0,0.0,0.97,0.0,0.0,0.0,0.0,2,Cluster 2
Doc511,0.0,0.0,0.99,0.0,0.0,0.0,0.0,2,Cluster 4
Doc512,0.0,0.0,0.98,0.0,0.0,0.0,0.0,2,Cluster 2
Doc513,0.0,0.0,0.98,0.0,0.0,0.0,0.0,2,Cluster 2
Doc514,0.01,0.01,0.97,0.01,0.01,0.01,0.01,2,Cluster 2
Doc515,0.0,0.0,0.97,0.0,0.0,0.0,0.0,2,Cluster 2
Doc516,0.0,0.0,0.97,0.0,0.0,0.0,0.0,2,Cluster 2
Doc517,0.01,0.01,0.97,0.01,0.01,0.01,0.01,2,Cluster 2
Doc518,0.0,0.0,0.98,0.0,0.0,0.0,0.0,2,Cluster 2
Doc519,0.0,0.0,0.98,0.0,0.0,0.0,0.0,2,Cluster 2
Doc520,0.01,0.01,0.97,0.01,0.01,0.01,0.01,2,Cluster 2
Doc521,0.0,0.0,0.97,0.0,0.0,0.0,0.0,2,Cluster 2
Doc522,0.0,0.0,0.98,0.0,0.0,0.0,0.0,2,Cluster 2
Doc523,0.0,0.0,0.98,0.0,0.0,0.0,0.0,2,Cluster 2
Doc524,0.0,0.0,0.98,0.0,0.0,0.0,0.0,2,Cluster 2
Doc525,0.0,0.0,0.97,0.0,0.0,0.0,0.0,2,Cluster 2
Doc526,0.01,0.01,0.97,0.01,0.01,0.01,0.01,2,Cluster 2
Doc527,0.0,0.0,0.98,0.0,0.0,0.0,0.0,2,Cluster 2
Doc528,0.0,0.0,0.98,0.0,0.0,0.0,0.0,2,Cluster 2
Doc529,0.0,0.0,0.98,0.0,0.0,0.0,0.0,2,Cluster 2
Doc530,0.0,0.0,0.98,0.0,0.0,0.0,0.0,2,Cluster 2
Doc531,0.01,0.01,0.97,0.01,0.01,0.01,0.01,2,Cluster 2
Doc532,0.01,0.01,0.97,0.01,0.01,0.01,0.01,2,Cluster 2
Doc533,0.0,0.0,0.98,0.0,0.0,0.0,0.0,2,Cluster 2
Doc534,0.01,0.01,0.97,0.01,0.01,0.01,0.01,2,Cluster 2
Doc535,0.0,0.0,0.98,0.0,0.0,0.0,0.0,2,Cluster 2
Doc536,0.0,0.0,0.98,0.0,0.0,0.0,0.0,2,Cluster 2
Doc537,0.0,0.0,0.98,0.0,0.0,0.0,0.0,2,Cluster 2
Doc538,0.0,0.0,0.98,0.0,0.0,0.0,0.0,2,Cluster 2
Doc539,0.0,0.0,0.98,0.0,0.0,0.0,0.0,2,Cluster 2
Doc540,0.0,0.0,0.97,0.0,0.0,0.0,0.0,2,Cluster 2
Doc541,0.0,0.0,0.97,0.0,0.0,0.0,0.0,2,Cluster 2
Doc542,0.0,0.0,0.98,0.0,0.0,0.0,0.0,2,Cluster 2
Doc543,0.0,0.0,0.98,0.0,0.0,0.0,0.0,2,Cluster 2
Doc544,0.01,0.01,0.97,0.01,0.01,0.01,0.01,2,Cluster 2
Doc545,0.0,0.0,0.97,0.0,0.0,0.0,0.0,2,Cluster 2
Doc546,0.0,0.0,0.97,0.0,0.0,0.0,0.0,2,Cluster 2
Doc547,0.0,0.0,0.97,0.0,0.0,0.0,0.0,2,Cluster 2
Doc548,0.0,0.0,0.98,0.0,0.0,0.0,0.0,2,Cluster 2
Doc549,0.0,0.0,0.98,0.0,0.0,0.0,0.0,2,Cluster 2
Doc550,0.01,0.01,0.97,0.01,0.01,0.01,0.01,2,Cluster 2
Doc551,0.0,0.0,0.97,0.0,0.0,0.0,0.0,2,Cluster 2
Doc552,0.0,0.0,0.98,0.0,0.0,0.0,0.0,2,Cluster 2
Doc553,0.0,0.0,0.97,0.0,0.0,0.0,0.0,2,Cluster 2
Doc554,0.0,0.0,0.98,0.0,0.0,0.0,0.0,2,Cluster 2
Doc555,0.0,0.0,0.98,0.0,0.0,0.0,0.0,2,Cluster 2
Doc556,0.0,0.0,0.98,0.0,0.0,0.0,0.0,2,Cluster 2
Doc557,0.01,0.01,0.97,0.01,0.01,0.01,0.01,2,Cluster 2
Doc558,0.0,0.0,0.98,0.0,0.0,0.0,0.0,2,Cluster 2
Doc559,0.0,0.0,0.98,0.0,0.0,0.0,0.0,2,Cluster 2
Doc560,0.01,0.01,0.96,0.01,0.01,0.01,0.01,2,Cluster 2
Doc561,0.0,0.0,0.98,0.0,0.0,0.0,0.0,2,Cluster 2
Doc562,0.0,0.0,0.98,0.0,0.0,0.0,0.0,2,Cluster 2
Doc563,0.0,0.0,0.97,0.0,0.0,0.0,0.0,2,Cluster 2
Doc564,0.0,0.0,0.97,0.0,0.0,0.0,0.0,2,Cluster 2
Doc565,0.0,0.0,0.98,0.0,0.0,0.0,0.0,2,Cluster 2
Doc566,0.0,0.0,0.98,0.0,0.0,0.0,0.0,2,Cluster 2
Doc567,0.0,0.0,0.98,0.0,0.0,0.0,0.0,2,Cluster 2
Doc568,0.0,0.0,0.98,0.0,0.0,0.0,0.0,2,Cluster 2
Doc569,0.0,0.0,0.98,0.0,0.0,0.0,0.0,2,Cluster 2
Doc570,0.01,0.01,0.97,0.01,0.01,0.01,0.01,2,Cluster 2
Doc571,0.0,0.0,0.98,0.0,0.0,0.0,0.0,2,Cluster 2
Doc572,0.0,0.0,0.98,0.0,0.0,0.0,0.0,2,Cluster 2
Doc573,0.0,0.0,0.98,0.0,0.0,0.0,0.0,2,Cluster 2
Doc574,0.0,0.0,0.97,0.0,0.0,0.0,0.0,2,Cluster 2
Doc575,0.0,0.0,0.98,0.0,0.0,0.0,0.0,2,Cluster 2
Doc576,0.0,0.0,0.98,0.0,0.0,0.0,0.0,2,Cluster 2
Doc577,0.0,0.0,0.98,0.0,0.0,0.0,0.0,2,Cluster 2
Doc578,0.0,0.0,0.98,0.0,0.0,0.0,0.0,2,Cluster 2
Doc579,0.0,0.0,0.98,0.0,0.0,0.0,0.0,2,Cluster 2
Doc580,0.0,0.0,0.98,0.0,0.0,0.0,0.0,2,Cluster 2
Doc581,0.0,0.0,0.98,0.0,0.0,0.0,0.0,2,Cluster 2
Doc582,0.0,0.0,0.98,0.0,0.0,0.0,0.0,2,Cluster 2
Doc583,0.0,0.0,0.98,0.0,0.0,0.0,0.0,2,Cluster 2
Doc584,0.0,0.0,0.97,0.0,0.0,0.0,0.0,2,Cluster 2
Doc585,0.0,0.0,0.98,0.0,0.0,0.0,0.0,2,Cluster 2
Doc586,0.0,0.0,0.98,0.0,0.0,0.0,0.0,2,Cluster 2
Doc587,0.0,0.0,0.97,0.0,0.0,0.0,0.0,2,Cluster 2
Doc588,0.0,0.0,0.98,0.0,0.0,0.0,0.0,2,Cluster 2
Doc589,0.0,0.0,0.97,0.0,0.0,0.0,0.0,2,Cluster 2
Doc590,0.0,0.0,0.98,0.0,0.0,0.0,0.0,2,Cluster 2
Doc591,0.0,0.0,0.98,0.0,0.0,0.0,0.0,2,Cluster 2
Doc592,0.0,0.0,0.97,0.0,0.0,0.0,0.0,2,Cluster 2
Doc593,0.0,0.0,0.98,0.0,0.0,0.0,0.0,2,Cluster 2
Doc594,0.01,0.01,0.97,0.01,0.01,0.01,0.01,2,Cluster 2
Doc595,0.01,0.01,0.97,0.01,0.01,0.01,0.01,2,Cluster 2
Doc596,0.0,0.0,0.98,0.0,0.0,0.0,0.0,2,Cluster 2
Doc597,0.0,0.0,0.98,0.0,0.0,0.0,0.0,2,Cluster 2
Doc598,0.01,0.01,0.97,0.01,0.01,0.01,0.01,2,Cluster 2
Doc599,0.0,0.0,0.97,0.0,0.0,0.0,0.0,2,Cluster 2
Doc600,0.0,0.0,0.98,0.0,0.0,0.0,0.0,2,Cluster 2
Doc601,0.0,0.0,0.97,0.0,0.0,0.0,0.0,2,Cluster 2
Doc602,0.0,0.0,0.98,0.0,0.0,0.0,0.0,2,Cluster 2
Doc603,0.0,0.0,0.97,0.0,0.0,0.0,0.0,2,Cluster 2
Doc604,0.0,0.0,0.98,0.0,0.0,0.0,0.0,2,Cluster 2
Doc605,0.0,0.0,0.98,0.0,0.0,0.0,0.0,2,Cluster 2
Doc606,0.0,0.0,0.98,0.0,0.0,0.0,0.0,2,Cluster 2
Doc607,0.0,0.0,0.98,0.0,0.0,0.0,0.0,2,Cluster 2
Doc608,0.0,0.0,0.98,0.0,0.0,0.0,0.0,2,Cluster 2
Doc609,0.0,0.0,0.98,0.0,0.0,0.0,0.0,2,Cluster 2
Doc610,0.0,0.0,0.98,0.0,0.0,0.0,0.0,2,Cluster 2
Doc611,0.01,0.01,0.96,0.01,0.01,0.01,0.01,2,Cluster 2
Doc612,0.0,0.0,0.97,0.0,0.0,0.0,0.0,2,Cluster 2
Doc613,0.0,0.0,0.98,0.0,0.0,0.0,0.0,2,Cluster 2
Doc614,0.0,0.0,0.98,0.0,0.0,0.0,0.0,2,Cluster 2
Doc615,0.0,0.0,0.98,0.0,0.0,0.0,0.0,2,Cluster 2
Doc616,0.0,0.0,0.98,0.0,0.0,0.0,0.0,2,Cluster 2
Doc617,0.0,0.0,0.98,0.0,0.0,0.0,0.0,2,Cluster 2
Doc618,0.0,0.0,0.98,0.0,0.0,0.0,0.0,2,Cluster 2
Doc619,0.0,0.0,0.97,0.0,0.0,0.0,0.0,2,Cluster 2
Doc620,0.0,0.0,0.98,0.0,0.0,0.0,0.0,2,Cluster 2
Doc621,0.0,0.0,0.98,0.0,0.0,0.0,0.0,2,Cluster 2
Doc622,0.0,0.0,0.98,0.0,0.0,0.0,0.0,2,Cluster 2
Doc623,0.0,0.0,0.97,0.0,0.0,0.0,0.0,2,Cluster 2
Doc624,0.0,0.0,0.98,0.0,0.0,0.0,0.0,2,Cluster 2
Doc625,0.0,0.0,0.97,0.0,0.0,0.0,0.0,2,Cluster 2
Doc626,0.0,0.0,0.98,0.0,0.0,0.0,0.0,2,Cluster 2
Doc627,0.0,0.0,0.98,0.0,0.0,0.0,0.0,2,Cluster 2
Doc628,0.0,0.0,0.97,0.0,0.0,0.0,0.0,2,Cluster 2
Doc629,0.0,0.0,0.98,0.0,0.0,0.0,0.0,2,Cluster 2
Doc630,0.0,0.0,0.98,0.0,0.0,0.0,0.0,2,Cluster 2
Doc631,0.0,0.0,0.98,0.0,0.0,0.0,0.0,2,Cluster 2
Doc632,0.0,0.0,0.98,0.0,0.0,0.0,0.0,2,Cluster 2
Doc633,0.0,0.0,0.98,0.0,0.0,0.0,0.0,2,Cluster 2
Doc634,0.0,0.0,0.97,0.0,0.0,0.0,0.0,2,Cluster 2
Doc635,0.0,0.0,0.98,0.0,0.0,0.0,0.0,2,Cluster 2
Doc636,0.0,0.0,0.97,0.0,0.0,0.0,0.0,2,Cluster 2
Doc637,0.0,0.0,0.97,0.0,0.0,0.0,0.0,2,Cluster 2
Doc638,0.0,0.0,0.98,0.0,0.0,0.0,0.0,2,Cluster 2
Doc639,0.0,0.0,0.98,0.0,0.0,0.0,0.0,2,Cluster 2
Doc640,0.0,0.0,0.98,0.0,0.0,0.0,0.0,2,Cluster 2
Doc641,0.0,0.0,0.97,0.0,0.0,0.0,0.0,2,Cluster 2
Doc642,0.0,0.0,0.98,0.0,0.0,0.0,0.0,2,Cluster 2
Doc643,0.0,0.0,0.98,0.0,0.0,0.0,0.0,2,Cluster 2
Doc644,0.0,0.0,0.98,0.0,0.0,0.0,0.0,2,Cluster 2
Doc645,0.0,0.0,0.97,0.0,0.0,0.0,0.0,2,Cluster 2
Doc646,0.0,0.0,0.98,0.0,0.0,0.0,0.0,2,Cluster 2
Doc647,0.0,0.0,0.98,0.0,0.0,0.0,0.0,2,Cluster 2
Doc648,0.0,0.0,0.98,0.0,0.0,0.0,0.0,2,Cluster 2
Doc649,0.0,0.0,0.98,0.0,0.0,0.0,0.0,2,Cluster 2
Doc650,0.0,0.0,0.97,0.0,0.0,0.0,0.0,2,Cluster 2
Doc651,0.0,0.0,0.97,0.0,0.0,0.0,0.0,2,Cluster 2
Doc652,0.0,0.0,0.98,0.0,0.0,0.0,0.0,2,Cluster 2
Doc653,0.0,0.0,0.98,0.0,0.0,0.0,0.0,2,Cluster 2
Doc654,0.0,0.0,0.98,0.0,0.0,0.0,0.0,2,Cluster 2
Doc655,0.01,0.01,0.97,0.01,0.01,0.01,0.01,2,Cluster 2
Doc656,0.0,0.0,0.98,0.0,0.0,0.0,0.0,2,Cluster 2
Doc657,0.0,0.0,0.97,0.0,0.0,0.0,0.0,2,Cluster 2
Doc658,0.0,0.0,0.97,0.0,0.0,0.0,0.0,2,Cluster 2
Doc659,0.0,0.0,0.98,0.0,0.0,0.0,0.0,2,Cluster 2
Doc660,0.0,0.0,0.97,0.0,0.0,0.0,0.0,2,Cluster 2
Doc661,0.0,0.0,0.97,0.0,0.0,0.0,0.0,2,Cluster 2
Doc662,0.0,0.0,0.98,0.0,0.0,0.0,0.0,2,Cluster 2
Doc663,0.0,0.0,0.98,0.0,0.0,0.0,0.0,2,Cluster 2
Doc664,0.0,0.0,0.97,0.0,0.0,0.0,0.0,2,Cluster 2
Doc665,0.0,0.0,0.98,0.0,0.0,0.0,0.0,2,Cluster 2
Doc666,0.0,0.0,0.98,0.0,0.0,0.0,0.0,2,Cluster 2
Doc667,0.0,0.0,0.98,0.0,0.0,0.0,0.0,2,Cluster 2
Doc668,0.01,0.01,0.96,0.01,0.01,0.01,0.01,2,Cluster 2
Doc669,0.0,0.0,0.98,0.0,0.0,0.0,0.0,2,Cluster 2
Doc670,0.0,0.0,0.97,0.0,0.0,0.0,0.0,2,Cluster 2
Doc671,0.01,0.01,0.97,0.01,0.01,0.01,0.01,2,Cluster 2
Doc672,0.0,0.0,0.98,0.0,0.0,0.0,0.0,2,Cluster 2
Doc673,0.0,0.0,0.98,0.0,0.0,0.0,0.0,2,Cluster 2
Doc674,0.0,0.0,0.98,0.0,0.0,0.0,0.0,2,Cluster 2
Doc675,0.0,0.0,0.97,0.0,0.0,0.0,0.0,2,Cluster 2
Doc676,0.0,0.0,0.98,0.0,0.0,0.0,0.0,2,Cluster 2
Doc677,0.0,0.0,0.98,0.0,0.0,0.0,0.0,2,Cluster 2
Doc678,0.0,0.0,0.98,0.0,0.0,0.0,0.0,2,Cluster 2
Doc679,0.0,0.0,0.98,0.0,0.0,0.0,0.0,2,Cluster 2
Doc680,0.0,0.0,0.98,0.0,0.0,0.0,0.0,2,Cluster 2
Doc681,0.0,0.0,0.98,0.0,0.0,0.0,0.0,2,Cluster 2
Doc682,0.0,0.0,0.98,0.0,0.0,0.0,0.0,2,Cluster 2
Doc683,0.0,0.0,0.98,0.0,0.0,0.0,0.0,2,Cluster 2
Doc684,0.0,0.0,0.97,0.0,0.0,0.0,0.0,2,Cluster 2
Doc685,0.0,0.0,0.98,0.0,0.0,0.0,0.0,2,Cluster 2
Doc686,0.0,0.0,0.97,0.0,0.0,0.0,0.0,2,Cluster 2
Doc687,0.0,0.0,0.98,0.0,0.0,0.0,0.0,2,Cluster 2
Doc688,0.0,0.0,0.97,0.0,0.0,0.0,0.0,2,Cluster 2
Doc689,0.0,0.0,0.98,0.0,0.0,0.0,0.0,2,Cluster 2
Doc690,0.0,0.0,0.98,0.0,0.0,0.0,0.0,2,Cluster 2
Doc691,0.0,0.0,0.97,0.0,0.0,0.0,0.0,2,Cluster 2
Doc692,0.0,0.0,0.98,0.0,0.0,0.0,0.0,2,Cluster 2
Doc693,0.0,0.0,0.98,0.0,0.0,0.0,0.0,2,Cluster 2
Doc694,0.01,0.01,0.97,0.01,0.01,0.01,0.01,2,Cluster 2
Doc695,0.0,0.0,0.98,0.0,0.0,0.0,0.0,2,Cluster 2
Doc696,0.0,0.0,0.97,0.0,0.0,0.0,0.0,2,Cluster 2
Doc697,0.0,0.0,0.98,0.0,0.0,0.0,0.0,2,Cluster 2
Doc698,0.01,0.01,0.97,0.01,0.01,0.01,0.01,2,Cluster 2
Doc699,0.0,0.0,0.98,0.0,0.0,0.0,0.0,2,Cluster 2
Doc700,0.0,0.0,0.97,0.0,0.0,0.0,0.0,2,Cluster 2
Doc701,0.0,0.0,0.98,0.0,0.0,0.0,0.0,2,Cluster 2
Doc702,0.0,0.0,0.98,0.0,0.0,0.0,0.0,2,Cluster 2
Doc703,0.0,0.0,0.98,0.0,0.0,0.0,0.0,2,Cluster 2
Doc704,0.0,0.0,0.98,0.0,0.0,0.0,0.0,2,Cluster 2
Doc705,0.0,0.0,0.98,0.0,0.0,0.0,0.0,2,Cluster 2
Doc706,0.0,0.0,0.98,0.0,0.0,0.0,0.0,2,Cluster 2
Doc707,0.0,0.0,0.97,0.0,0.0,0.0,0.0,2,Cluster 2
Doc708,0.01,0.01,0.97,0.01,0.01,0.01,0.01,2,Cluster 2
Doc709,0.0,0.0,0.98,0.0,0.0,0.0,0.0,2,Cluster 2
Doc710,0.0,0.0,0.97,0.0,0.0,0.0,0.0,2,Cluster 2
Doc711,0.0,0.0,0.98,0.0,0.0,0.0,0.0,2,Cluster 2
Doc712,0.0,0.0,0.98,0.0,0.0,0.0,0.0,2,Cluster 2
Doc713,0.0,0.0,0.98,0.0,0.0,0.0,0.0,2,Cluster 2
Doc714,0.0,0.0,0.97,0.0,0.0,0.0,0.0,2,Cluster 2
Doc715,0.0,0.0,0.98,0.0,0.0,0.0,0.0,2,Cluster 2
Doc716,0.0,0.0,0.97,0.0,0.0,0.0,0.0,2,Cluster 2
Doc717,0.0,0.0,0.98,0.0,0.0,0.0,0.0,2,Cluster 2
Doc718,0.0,0.0,0.98,0.0,0.0,0.0,0.0,2,Cluster 2
Doc719,0.0,0.0,0.98,0.0,0.0,0.0,0.0,2,Cluster 2
Doc720,0.0,0.0,0.97,0.0,0.0,0.0,0.0,2,Cluster 2
Doc721,0.0,0.0,0.98,0.0,0.0,0.0,0.0,2,Cluster 2
Doc722,0.0,0.0,0.98,0.0,0.0,0.0,0.0,2,Cluster 2
Doc723,0.0,0.0,0.98,0.0,0.0,0.0,0.0,2,Cluster 2
Doc724,0.01,0.01,0.97,0.01,0.01,0.01,0.01,2,Cluster 2
Doc725,0.0,0.0,0.98,0.0,0.0,0.0,0.0,2,Cluster 2
Doc726,0.0,0.0,0.98,0.0,0.0,0.0,0.0,2,Cluster 2
Doc727,0.0,0.0,0.98,0.0,0.0,0.0,0.0,2,Cluster 2
Doc728,0.0,0.0,0.98,0.0,0.0,0.0,0.0,2,Cluster 2
Doc729,0.0,0.0,0.98,0.0,0.0,0.0,0.0,2,Cluster 2
Doc730,0.0,0.0,0.97,0.0,0.0,0.0,0.0,2,Cluster 2
Doc731,0.0,0.0,0.98,0.0,0.0,0.0,0.0,2,Cluster 2
Doc732,0.0,0.0,0.98,0.0,0.0,0.0,0.0,2,Cluster 2
Doc733,0.0,0.0,0.98,0.0,0.0,0.0,0.0,2,Cluster 2
Doc734,0.0,0.0,0.98,0.0,0.0,0.0,0.0,2,Cluster 2
Doc735,0.0,0.0,0.98,0.0,0.0,0.0,0.0,2,Cluster 2
Doc736,0.0,0.0,0.98,0.0,0.0,0.0,0.0,2,Cluster 2
Doc737,0.0,0.0,0.97,0.0,0.0,0.0,0.0,2,Cluster 2
Doc738,0.0,0.0,0.98,0.0,0.0,0.0,0.0,2,Cluster 2
Doc739,0.0,0.0,0.98,0.0,0.0,0.0,0.0,2,Cluster 2
Doc740,0.0,0.0,0.98,0.0,0.0,0.0,0.0,2,Cluster 2
Doc741,0.0,0.0,0.98,0.0,0.0,0.0,0.0,2,Cluster 2
Doc742,0.0,0.0,0.98,0.0,0.0,0.0,0.0,2,Cluster 2
Doc743,0.0,0.0,0.98,0.0,0.0,0.0,0.0,2,Cluster 2
Doc744,0.0,0.0,0.97,0.0,0.0,0.0,0.0,2,Cluster 2
Doc745,0.0,0.0,0.97,0.0,0.0,0.0,0.0,2,Cluster 2
Doc746,0.0,0.0,0.98,0.0,0.0,0.0,0.0,2,Cluster 2
Doc747,0.0,0.0,0.98,0.0,0.0,0.0,0.0,2,Cluster 2
Doc748,0.0,0.0,0.97,0.0,0.0,0.0,0.0,2,Cluster 2
Doc749,0.01,0.01,0.97,0.01,0.01,0.01,0.01,2,Cluster 2
Doc750,0.0,0.0,0.98,0.0,0.0,0.0,0.0,2,Cluster 2
Doc751,0.0,0.0,0.98,0.0,0.0,0.0,0.0,2,Cluster 2
Doc752,0.0,0.0,0.98,0.0,0.0,0.0,0.0,2,Cluster 2
Doc753,0.01,0.01,0.97,0.01,0.01,0.01,0.01,2,Cluster 2
Doc754,0.0,0.0,0.98,0.0,0.0,0.0,0.0,2,Cluster 2
Doc755,0.0,0.0,0.98,0.0,0.0,0.0,0.0,2,Cluster 2
Doc756,0.0,0.0,0.97,0.0,0.0,0.0,0.0,2,Cluster 2
Doc757,0.0,0.0,0.98,0.0,0.0,0.0,0.0,2,Cluster 2
Doc758,0.0,0.0,0.97,0.0,0.0,0.0,0.0,2,Cluster 2
Doc759,0.0,0.0,0.97,0.0,0.0,0.0,0.0,2,Cluster 2
Doc760,0.0,0.0,0.97,0.0,0.0,0.0,0.0,2,Cluster 2
Doc761,0.0,0.0,0.98,0.0,0.0,0.0,0.0,2,Cluster 2
Doc762,0.0,0.0,0.98,0.0,0.0,0.0,0.0,2,Cluster 2
Doc763,0.0,0.0,0.98,0.0,0.0,0.0,0.0,2,Cluster 2
Doc764,0.0,0.0,0.97,0.0,0.0,0.0,0.0,2,Cluster 2
Doc765,0.0,0.0,0.97,0.0,0.0,0.0,0.0,2,Cluster 2
Doc766,0.0,0.0,0.98,0.0,0.0,0.0,0.0,2,Cluster 2
Doc767,0.0,0.0,0.98,0.0,0.0,0.0,0.0,2,Cluster 2
Doc768,0.0,0.0,0.97,0.0,0.0,0.0,0.0,2,Cluster 2
Doc769,0.0,0.0,0.98,0.0,0.0,0.0,0.0,2,Cluster 2
Doc770,0.0,0.0,0.98,0.0,0.0,0.0,0.0,2,Cluster 2
Doc771,0.0,0.0,0.98,0.0,0.0,0.0,0.0,2,Cluster 2
Doc772,0.0,0.0,0.98,0.0,0.0,0.0,0.0,2,Cluster 2
Doc773,0.0,0.0,0.98,0.0,0.0,0.0,0.0,2,Cluster 2
Doc774,0.0,0.0,0.98,0.0,0.0,0.0,0.0,2,Cluster 2
Doc775,0.0,0.0,0.97,0.0,0.0,0.0,0.0,2,Cluster 2
Doc776,0.0,0.0,0.98,0.0,0.0,0.0,0.0,2,Cluster 2
Doc777,0.0,0.0,0.98,0.0,0.0,0.0,0.0,2,Cluster 2
Doc778,0.0,0.0,0.98,0.0,0.0,0.0,0.0,2,Cluster 2
Doc779,0.0,0.0,0.98,0.0,0.0,0.0,0.0,2,Cluster 2
Doc780,0.0,0.0,0.98,0.0,0.0,0.0,0.0,2,Cluster 2
Doc781,0.0,0.0,0.98,0.0,0.0,0.0,0.0,2,Cluster 2
Doc782,0.0,0.0,0.98,0.0,0.0,0.0,0.0,2,Cluster 2
Doc783,0.0,0.0,0.97,0.0,0.0,0.0,0.0,2,Cluster 2
Doc784,0.0,0.0,0.97,0.0,0.0,0.0,0.0,2,Cluster 2
Doc785,0.0,0.0,0.98,0.0,0.0,0.0,0.0,2,Cluster 2
Doc786,0.0,0.0,0.98,0.0,0.0,0.0,0.0,2,Cluster 2
Doc787,0.0,0.0,0.98,0.0,0.0,0.0,0.0,2,Cluster 2
Doc788,0.0,0.0,0.98,0.0,0.0,0.0,0.0,2,Cluster 2
Doc789,0.0,0.0,0.97,0.0,0.0,0.0,0.0,2,Cluster 2
Doc790,0.0,0.0,0.98,0.0,0.0,0.0,0.0,2,Cluster 2
Doc791,0.0,0.0,0.98,0.0,0.0,0.0,0.0,2,Cluster 2
Doc792,0.0,0.0,0.98,0.0,0.0,0.0,0.0,2,Cluster 2
Doc793,0.01,0.01,0.97,0.01,0.01,0.01,0.01,2,Cluster 2
Doc794,0.0,0.0,0.98,0.0,0.0,0.0,0.0,2,Cluster 2
Doc795,0.0,0.0,0.98,0.0,0.0,0.0,0.0,2,Cluster 2
Doc796,0.0,0.0,0.97,0.0,0.0,0.0,0.0,2,Cluster 2
Doc797,0.0,0.0,0.98,0.0,0.0,0.0,0.0,2,Cluster 2
Doc798,0.0,0.0,0.98,0.0,0.0,0.0,0.0,2,Cluster 2
Doc799,0.0,0.0,0.98,0.0,0.0,0.0,0.0,2,Cluster 2
Doc800,0.0,0.0,0.98,0.0,0.0,0.0,0.0,2,Cluster 2
Doc801,0.0,0.0,0.98,0.0,0.0,0.0,0.0,2,Cluster 2
Doc802,0.0,0.0,0.97,0.0,0.0,0.0,0.0,2,Cluster 2
Doc803,0.0,0.0,0.98,0.0,0.0,0.0,0.0,2,Cluster 2
Doc804,0.0,0.0,0.98,0.0,0.0,0.0,0.0,2,Cluster 2
Doc805,0.01,0.01,0.97,0.01,0.01,0.01,0.01,2,Cluster 2
Doc806,0.0,0.0,0.98,0.0,0.0,0.0,0.0,2,Cluster 2
Doc807,0.0,0.0,0.98,0.0,0.0,0.0,0.0,2,Cluster 2
Doc808,0.0,0.0,0.98,0.0,0.0,0.0,0.0,2,Cluster 2
Doc809,0.0,0.0,0.98,0.0,0.0,0.0,0.0,2,Cluster 2
Doc810,0.0,0.0,0.98,0.0,0.0,0.0,0.0,2,Cluster 2
Doc811,0.0,0.0,0.98,0.0,0.0,0.0,0.0,2,Cluster 2
Doc812,0.01,0.01,0.97,0.01,0.01,0.01,0.01,2,Cluster 2
Doc813,0.0,0.0,0.97,0.0,0.0,0.0,0.0,2,Cluster 2
Doc814,0.0,0.0,0.97,0.0,0.0,0.0,0.0,2,Cluster 2
Doc815,0.0,0.0,0.98,0.0,0.0,0.0,0.0,2,Cluster 2
Doc816,0.01,0.01,0.96,0.01,0.01,0.01,0.01,2,Cluster 2
Doc817,0.0,0.0,0.97,0.0,0.0,0.0,0.0,2,Cluster 2
Doc818,0.0,0.0,0.98,0.0,0.0,0.0,0.0,2,Cluster 2
Doc819,0.0,0.0,0.98,0.0,0.0,0.0,0.0,2,Cluster 2
Doc820,0.0,0.0,0.98,0.0,0.0,0.0,0.0,2,Cluster 2
Doc821,0.0,0.0,0.97,0.0,0.0,0.0,0.0,2,Cluster 2
Doc822,0.01,0.01,0.97,0.01,0.01,0.01,0.01,2,Cluster 2
Doc823,0.01,0.01,0.97,0.01,0.01,0.01,0.01,2,Cluster 2
Doc824,0.0,0.0,0.98,0.0,0.0,0.0,0.0,2,Cluster 2
Doc825,0.0,0.0,0.98,0.0,0.0,0.0,0.0,2,Cluster 2
Doc826,0.0,0.0,0.97,0.0,0.0,0.0,0.0,2,Cluster 2
Doc827,0.0,0.0,0.98,0.0,0.0,0.0,0.0,2,Cluster 2
Doc828,0.0,0.0,0.98,0.0,0.0,0.0,0.0,2,Cluster 2
Doc829,0.0,0.0,0.98,0.0,0.0,0.0,0.0,2,Cluster 2
Doc830,0.0,0.0,0.98,0.0,0.0,0.0,0.0,2,Cluster 2
Doc831,0.01,0.01,0.96,0.01,0.01,0.01,0.01,2,Cluster 2
Doc832,0.0,0.0,0.98,0.0,0.0,0.0,0.0,2,Cluster 2
Doc833,0.0,0.0,0.98,0.0,0.0,0.0,0.0,2,Cluster 2
Doc834,0.0,0.0,0.98,0.0,0.0,0.0,0.0,2,Cluster 2
Doc835,0.0,0.0,0.97,0.0,0.0,0.0,0.0,2,Cluster 2
Doc836,0.0,0.0,0.98,0.0,0.0,0.0,0.0,2,Cluster 2
Doc837,0.0,0.0,0.98,0.0,0.0,0.0,0.0,2,Cluster 2
Doc838,0.0,0.0,0.98,0.0,0.0,0.0,0.0,2,Cluster 2
Doc839,0.0,0.0,0.98,0.0,0.0,0.0,0.0,2,Cluster 2
Doc840,0.01,0.01,0.97,0.01,0.01,0.01,0.01,2,Cluster 2
Doc841,0.0,0.0,0.97,0.0,0.0,0.0,0.0,2,Cluster 2
Doc842,0.0,0.0,0.98,0.0,0.0,0.0,0.0,2,Cluster 2
Doc843,0.0,0.0,0.98,0.0,0.0,0.0,0.0,2,Cluster 2
Doc844,0.0,0.0,0.97,0.0,0.0,0.0,0.0,2,Cluster 2
Doc845,0.0,0.0,0.98,0.0,0.0,0.0,0.0,2,Cluster 2
Doc846,0.0,0.0,0.98,0.0,0.0,0.0,0.0,2,Cluster 2
Doc847,0.0,0.0,0.98,0.0,0.0,0.0,0.0,2,Cluster 2
Doc848,0.0,0.0,0.98,0.0,0.0,0.0,0.0,2,Cluster 2
Doc849,0.0,0.0,0.98,0.0,0.0,0.0,0.0,2,Cluster 2
Doc850,0.0,0.0,0.98,0.0,0.0,0.0,0.0,2,Cluster 2
Doc851,0.0,0.0,0.97,0.0,0.0,0.0,0.0,2,Cluster 2
Doc852,0.0,0.0,0.98,0.0,0.0,0.0,0.0,2,Cluster 2
Doc853,0.0,0.0,0.98,0.0,0.0,0.0,0.0,2,Cluster 2
Doc854,0.0,0.0,0.98,0.0,0.0,0.0,0.0,2,Cluster 2
Doc855,0.0,0.0,0.98,0.0,0.0,0.0,0.0,2,Cluster 2
Doc856,0.0,0.0,0.98,0.0,0.0,0.0,0.0,2,Cluster 2
Doc857,0.0,0.0,0.98,0.0,0.0,0.0,0.0,2,Cluster 2
Doc858,0.0,0.0,0.98,0.0,0.0,0.0,0.0,2,Cluster 2
Doc859,0.0,0.0,0.98,0.0,0.0,0.0,0.0,2,Cluster 2
Doc860,0.0,0.0,0.98,0.0,0.0,0.0,0.0,2,Cluster 2
Doc861,0.0,0.0,0.98,0.0,0.0,0.0,0.0,2,Cluster 2
Doc862,0.0,0.0,0.97,0.0,0.0,0.0,0.0,2,Cluster 2
Doc863,0.0,0.0,0.98,0.0,0.0,0.0,0.0,2,Cluster 2
Doc864,0.0,0.0,0.98,0.0,0.0,0.0,0.0,2,Cluster 2
Doc865,0.0,0.0,0.98,0.0,0.0,0.0,0.0,2,Cluster 2
Doc866,0.0,0.0,0.98,0.0,0.0,0.0,0.0,2,Cluster 2
Doc867,0.0,0.0,0.98,0.0,0.0,0.0,0.0,2,Cluster 2
Doc868,0.0,0.0,0.97,0.0,0.0,0.0,0.0,2,Cluster 2
Doc869,0.0,0.0,0.97,0.0,0.0,0.0,0.0,2,Cluster 2
Doc870,0.01,0.01,0.96,0.01,0.01,0.01,0.01,2,Cluster 2
Doc871,0.0,0.0,0.98,0.0,0.0,0.0,0.0,2,Cluster 2
Doc872,0.01,0.01,0.97,0.01,0.01,0.01,0.01,2,Cluster 2
Doc873,0.0,0.0,0.97,0.0,0.0,0.0,0.0,2,Cluster 2
Doc874,0.0,0.0,0.97,0.0,0.0,0.0,0.0,2,Cluster 2
Doc875,0.0,0.0,0.97,0.0,0.0,0.0,0.0,2,Cluster 2
Doc876,0.0,0.0,0.98,0.0,0.0,0.0,0.0,2,Cluster 2
Doc877,0.0,0.0,0.98,0.0,0.0,0.0,0.0,2,Cluster 2
Doc878,0.0,0.0,0.98,0.0,0.0,0.0,0.0,2,Cluster 2
Doc879,0.0,0.0,0.97,0.0,0.0,0.0,0.0,2,Cluster 2
Doc880,0.0,0.0,0.97,0.0,0.0,0.0,0.0,2,Cluster 2
Doc881,0.0,0.0,0.98,0.0,0.0,0.0,0.0,2,Cluster 2
Doc882,0.0,0.0,0.97,0.0,0.0,0.0,0.0,2,Cluster 2
Doc883,0.0,0.0,0.98,0.0,0.0,0.0,0.0,2,Cluster 2
Doc884,0.0,0.0,0.97,0.0,0.0,0.0,0.0,2,Cluster 2
Doc885,0.01,0.01,0.97,0.01,0.01,0.01,0.01,2,Cluster 2
Doc886,0.0,0.0,0.97,0.0,0.0,0.0,0.0,2,Cluster 2
Doc887,0.01,0.01,0.96,0.01,0.01,0.01,0.01,2,Cluster 2
Doc888,0.0,0.0,0.98,0.0,0.0,0.0,0.0,2,Cluster 2
Doc889,0.0,0.0,0.98,0.0,0.0,0.0,0.0,2,Cluster 2
Doc890,0.0,0.0,0.98,0.0,0.0,0.0,0.0,2,Cluster 2
Doc891,0.0,0.0,0.98,0.0,0.0,0.0,0.0,2,Cluster 2
Doc892,0.0,0.0,0.97,0.0,0.0,0.0,0.0,2,Cluster 2
Doc893,0.0,0.0,0.98,0.0,0.0,0.0,0.0,2,Cluster 2
Doc894,0.0,0.0,0.97,0.0,0.0,0.0,0.0,2,Cluster 2
Doc895,0.0,0.0,0.98,0.0,0.0,0.0,0.0,2,Cluster 2
Doc896,0.0,0.0,0.98,0.0,0.0,0.0,0.0,2,Cluster 2
Doc897,0.0,0.0,0.98,0.0,0.0,0.0,0.0,2,Cluster 2
Doc898,0.0,0.0,0.97,0.0,0.0,0.0,0.0,2,Cluster 2
Doc899,0.01,0.01,0.97,0.01,0.01,0.01,0.01,2,Cluster 2
Doc900,0.0,0.0,0.98,0.0,0.0,0.0,0.0,2,Cluster 2
Doc901,0.0,0.0,0.97,0.0,0.0,0.0,0.0,2,Cluster 2
Doc902,0.0,0.0,0.98,0.0,0.0,0.0,0.0,2,Cluster 2
Doc903,0.0,0.0,0.98,0.0,0.0,0.0,0.0,2,Cluster 2
Doc904,0.0,0.0,0.98,0.0,0.0,0.0,0.0,2,Cluster 2
Doc905,0.0,0.0,0.97,0.0,0.0,0.0,0.0,2,Cluster 2
Doc906,0.0,0.0,0.98,0.0,0.0,0.0,0.0,2,Cluster 2
Doc907,0.0,0.0,0.98,0.0,0.0,0.0,0.0,2,Cluster 2
Doc908,0.0,0.0,0.98,0.0,0.0,0.0,0.0,2,Cluster 2
Doc909,0.01,0.01,0.97,0.01,0.01,0.01,0.01,2,Cluster 2
Doc910,0.0,0.0,0.98,0.0,0.0,0.0,0.0,2,Cluster 2
Doc911,0.0,0.0,0.97,0.0,0.0,0.0,0.0,2,Cluster 2
Doc912,0.0,0.0,0.98,0.0,0.0,0.0,0.0,2,Cluster 2
Doc913,0.0,0.0,0.98,0.0,0.0,0.0,0.0,2,Cluster 2
Doc914,0.0,0.0,0.98,0.0,0.0,0.0,0.0,2,Cluster 2
Doc915,0.0,0.0,0.98,0.0,0.0,0.0,0.0,2,Cluster 2
Doc916,0.01,0.01,0.97,0.01,0.01,0.01,0.01,2,Cluster 2
Doc917,0.0,0.0,0.98,0.0,0.0,0.0,0.0,2,Cluster 2
Doc918,0.0,0.0,0.97,0.0,0.0,0.0,0.0,2,Cluster 2
Doc919,0.0,0.0,0.98,0.0,0.0,0.0,0.0,2,Cluster 2
Doc920,0.0,0.0,0.98,0.0,0.0,0.0,0.0,2,Cluster 2
Doc921,0.0,0.0,0.98,0.0,0.0,0.0,0.0,2,Cluster 2
Doc922,0.0,0.0,0.97,0.0,0.0,0.0,0.0,2,Cluster 2
Doc923,0.0,0.0,0.98,0.0,0.0,0.0,0.0,2,Cluster 2
Doc924,0.01,0.01,0.97,0.01,0.01,0.01,0.01,2,Cluster 2
Doc925,0.0,0.0,0.98,0.0,0.0,0.0,0.0,2,Cluster 2
Doc926,0.0,0.0,0.98,0.0,0.0,0.0,0.0,2,Cluster 2
Doc927,0.0,0.0,0.98,0.0,0.0,0.0,0.0,2,Cluster 2
Doc928,0.0,0.0,0.97,0.0,0.0,0.0,0.0,2,Cluster 2
Doc929,0.0,0.0,0.98,0.0,0.0,0.0,0.0,2,Cluster 2
Doc930,0.0,0.0,0.98,0.0,0.0,0.0,0.0,2,Cluster 2
Doc931,0.0,0.0,0.98,0.0,0.0,0.0,0.0,2,Cluster 2
Doc932,0.0,0.0,0.98,0.0,0.0,0.0,0.0,2,Cluster 2
Doc933,0.01,0.01,0.96,0.01,0.01,0.01,0.01,2,Cluster 2
Doc934,0.0,0.0,0.98,0.0,0.0,0.0,0.0,2,Cluster 2
Doc935,0.01,0.01,0.97,0.01,0.01,0.01,0.01,2,Cluster 2
Doc936,0.0,0.0,0.98,0.0,0.0,0.0,0.0,2,Cluster 2
Doc937,0.0,0.0,0.98,0.0,0.0,0.0,0.0,2,Cluster 2
Doc938,0.0,0.0,0.97,0.0,0.0,0.0,0.0,2,Cluster 2
Doc939,0.0,0.0,0.98,0.0,0.0,0.0,0.0,2,Cluster 2
Doc940,0.0,0.0,0.97,0.0,0.0,0.0,0.0,2,Cluster 2
Doc941,0.0,0.0,0.98,0.0,0.0,0.0,0.0,2,Cluster 2
Doc942,0.0,0.0,0.98,0.0,0.0,0.0,0.0,2,Cluster 2
Doc943,0.0,0.0,0.98,0.0,0.0,0.0,0.0,2,Cluster 2
Doc944,0.0,0.0,0.98,0.0,0.0,0.0,0.0,2,Cluster 2
Doc945,0.0,0.0,0.98,0.0,0.0,0.0,0.0,2,Cluster 2
Doc946,0.0,0.0,0.98,0.0,0.0,0.0,0.0,2,Cluster 2
Doc947,0.0,0.0,0.97,0.0,0.0,0.0,0.0,2,Cluster 2
Doc948,0.0,0.0,0.97,0.0,0.0,0.0,0.0,2,Cluster 2
Doc949,0.0,0.0,0.98,0.0,0.0,0.0,0.0,2,Cluster 2
Doc950,0.0,0.0,0.98,0.0,0.0,0.0,0.0,2,Cluster 2
Doc951,0.0,0.0,0.97,0.0,0.0,0.0,0.0,2,Cluster 2
Doc952,0.0,0.0,0.98,0.0,0.0,0.0,0.0,2,Cluster 2
Doc953,0.0,0.0,0.98,0.0,0.0,0.0,0.0,2,Cluster 2
Doc954,0.0,0.0,0.97,0.0,0.0,0.0,0.0,2,Cluster 2
Doc955,0.0,0.0,0.98,0.0,0.0,0.0,0.0,2,Cluster 2
Doc956,0.0,0.0,0.97,0.0,0.0,0.0,0.0,2,Cluster 2
Doc957,0.0,0.0,0.97,0.0,0.0,0.0,0.0,2,Cluster 2
Doc958,0.0,0.0,0.98,0.0,0.0,0.0,0.0,2,Cluster 2
Doc959,0.0,0.0,0.98,0.0,0.0,0.0,0.0,2,Cluster 2
Doc960,0.0,0.0,0.98,0.0,0.0,0.0,0.0,2,Cluster 2
Doc961,0.0,0.0,0.97,0.0,0.0,0.0,0.0,2,Cluster 2
Doc962,0.0,0.0,0.97,0.0,0.0,0.0,0.0,2,Cluster 2
Doc963,0.0,0.0,0.98,0.0,0.0,0.0,0.0,2,Cluster 2
Doc964,0.0,0.0,0.98,0.0,0.0,0.0,0.0,2,Cluster 2
Doc965,0.0,0.0,0.98,0.0,0.0,0.0,0.0,2,Cluster 2
Doc966,0.0,0.0,0.97,0.0,0.0,0.0,0.0,2,Cluster 2
Doc967,0.0,0.0,0.98,0.0,0.0,0.0,0.0,2,Cluster 2
Doc968,0.0,0.0,0.98,0.0,0.0,0.0,0.0,2,Cluster 2
Doc969,0.0,0.0,0.97,0.0,0.0,0.0,0.0,2,Cluster 2
Doc970,0.0,0.0,0.98,0.0,0.0,0.0,0.0,2,Cluster 2
Doc971,0.0,0.0,0.98,0.0,0.0,0.0,0.0,2,Cluster 2
Doc972,0.0,0.0,0.97,0.0,0.0,0.0,0.0,2,Cluster 2
Doc973,0.0,0.0,0.97,0.0,0.0,0.0,0.0,2,Cluster 2
Doc974,0.0,0.0,0.98,0.0,0.0,0.0,0.0,2,Cluster 2
Doc975,0.0,0.0,0.98,0.0,0.0,0.0,0.0,2,Cluster 2
Doc976,0.0,0.0,0.98,0.0,0.0,0.0,0.0,2,Cluster 2
Doc977,0.0,0.0,0.97,0.0,0.0,0.0,0.0,2,Cluster 2
Doc978,0.0,0.0,0.98,0.0,0.0,0.0,0.0,2,Cluster 2
Doc979,0.0,0.0,0.98,0.0,0.0,0.0,0.0,2,Cluster 2
Doc980,0.0,0.0,0.98,0.0,0.0,0.0,0.0,2,Cluster 2
Doc981,0.0,0.0,0.98,0.0,0.0,0.0,0.0,2,Cluster 2
Doc982,0.0,0.0,0.98,0.0,0.0,0.0,0.0,2,Cluster 2
Doc983,0.0,0.0,0.97,0.0,0.0,0.0,0.0,2,Cluster 2
Doc984,0.0,0.0,0.98,0.0,0.0,0.0,0.0,2,Cluster 2
Doc985,0.0,0.0,0.98,0.0,0.0,0.0,0.0,2,Cluster 2
Doc986,0.0,0.0,0.98,0.0,0.0,0.0,0.0,2,Cluster 2
Doc987,0.0,0.0,0.97,0.0,0.0,0.0,0.0,2,Cluster 2
Doc988,0.0,0.0,0.98,0.0,0.0,0.0,0.0,2,Cluster 2
Doc989,0.0,0.0,0.98,0.0,0.0,0.0,0.0,2,Cluster 2
Doc990,0.0,0.0,0.98,0.0,0.0,0.0,0.0,2,Cluster 2
Doc991,0.0,0.0,0.98,0.0,0.0,0.0,0.0,2,Cluster 2
Doc992,0.0,0.0,0.97,0.0,0.0,0.0,0.0,2,Cluster 2
Doc993,0.0,0.0,0.98,0.0,0.0,0.0,0.0,2,Cluster 2
Doc994,0.0,0.0,0.97,0.0,0.0,0.0,0.0,2,Cluster 2
Doc995,0.0,0.0,0.98,0.0,0.0,0.0,0.0,2,Cluster 2
Doc996,0.01,0.01,0.96,0.01,0.01,0.01,0.01,2,Cluster 2
Doc997,0.0,0.0,0.98,0.0,0.0,0.0,0.0,2,Cluster 2
Doc998,0.0,0.0,0.97,0.0,0.0,0.0,0.0,2,Cluster 2
Doc999,0.0,0.0,0.98,0.0,0.0,0.0,0.0,2,Cluster 2
Doc1000,0.0,0.0,0.97,0.0,0.0,0.0,0.0,2,Cluster 2
Doc1001,0.0,0.0,0.98,0.0,0.0,0.0,0.0,2,Cluster 2
Doc1002,0.0,0.0,0.98,0.0,0.0,0.0,0.0,2,Cluster 2
Doc1003,0.0,0.0,0.98,0.0,0.0,0.0,0.0,2,Cluster 2
Doc1004,0.01,0.01,0.96,0.01,0.01,0.01,0.01,2,Cluster 2
Doc1005,0.0,0.0,0.98,0.0,0.0,0.0,0.0,2,Cluster 2
Doc1006,0.0,0.0,0.98,0.0,0.0,0.0,0.0,2,Cluster 2
Doc1007,0.0,0.0,0.98,0.0,0.0,0.0,0.0,2,Cluster 2
Doc1008,0.0,0.0,0.97,0.0,0.0,0.0,0.0,2,Cluster 2
Doc1009,0.0,0.0,0.98,0.0,0.0,0.0,0.0,2,Cluster 2
Doc1010,0.01,0.01,0.97,0.01,0.01,0.01,0.01,2,Cluster 2
Doc1011,0.0,0.0,0.97,0.0,0.0,0.0,0.0,2,Cluster 2
Doc1012,0.0,0.0,0.98,0.0,0.0,0.0,0.0,2,Cluster 2
Doc1013,0.01,0.01,0.96,0.01,0.01,0.01,0.01,2,Cluster 2
Doc1014,0.0,0.0,0.98,0.0,0.0,0.0,0.0,2,Cluster 2
Doc1015,0.0,0.0,0.98,0.0,0.0,0.0,0.0,2,Cluster 2
Doc1016,0.0,0.0,0.98,0.0,0.0,0.0,0.0,2,Cluster 2
Doc1017,0.01,0.01,0.97,0.01,0.01,0.01,0.01,2,Cluster 2
Doc1018,0.0,0.0,0.98,0.0,0.0,0.0,0.0,2,Cluster 2
Doc1019,0.0,0.0,0.98,0.0,0.0,0.0,0.0,2,Cluster 2
Doc1020,0.0,0.0,0.97,0.0,0.0,0.0,0.0,2,Cluster 2
Doc1021,0.0,0.0,0.98,0.0,0.0,0.0,0.0,2,Cluster 2
Doc1022,0.01,0.01,0.96,0.01,0.01,0.01,0.01,2,Cluster 2
Doc1023,0.0,0.0,0.97,0.0,0.0,0.0,0.0,2,Cluster 2
Doc1024,0.0,0.0,0.98,0.0,0.0,0.0,0.0,2,Cluster 2
Doc1025,0.0,0.0,0.97,0.0,0.0,0.0,0.0,2,Cluster 2
Doc1026,0.0,0.0,0.98,0.0,0.0,0.0,0.0,2,Cluster 2
Doc1027,0.0,0.0,0.97,0.0,0.0,0.0,0.0,2,Cluster 2
Doc1028,0.0,0.0,0.98,0.0,0.0,0.0,0.0,2,Cluster 2
Doc1029,0.0,0.0,0.98,0.0,0.0,0.0,0.0,2,Cluster 2
Doc1030,0.0,0.0,0.98,0.0,0.0,0.0,0.0,2,Cluster 2
Doc1031,0.0,0.0,0.97,0.0,0.0,0.0,0.0,2,Cluster 2
Doc1032,0.0,0.0,0.98,0.0,0.0,0.0,0.0,2,Cluster 2
Doc1033,0.01,0.01,0.97,0.01,0.01,0.01,0.01,2,Cluster 2
Doc1034,0.0,0.0,0.98,0.0,0.0,0.0,0.0,2,Cluster 2
Doc1035,0.01,0.01,0.97,0.01,0.01,0.01,0.01,2,Cluster 2
Doc1036,0.0,0.0,0.98,0.0,0.0,0.0,0.0,2,Cluster 2
Doc1037,0.0,0.0,0.98,0.0,0.0,0.0,0.0,2,Cluster 2
Doc1038,0.0,0.0,0.98,0.0,0.0,0.0,0.0,2,Cluster 2
Doc1039,0.01,0.01,0.97,0.01,0.01,0.01,0.01,2,Cluster 2
Doc1040,0.0,0.0,0.98,0.0,0.0,0.0,0.0,2,Cluster 2
Doc1041,0.0,0.0,0.97,0.0,0.0,0.0,0.0,2,Cluster 2
Doc1042,0.0,0.0,0.98,0.0,0.0,0.0,0.0,2,Cluster 2
Doc1043,0.0,0.0,0.97,0.0,0.0,0.0,0.0,2,Cluster 2
Doc1044,0.0,0.0,0.98,0.0,0.0,0.0,0.0,2,Cluster 2
Doc1045,0.0,0.0,0.98,0.0,0.0,0.0,0.0,2,Cluster 2
Doc1046,0.0,0.0,0.98,0.0,0.0,0.0,0.0,2,Cluster 2
Doc1047,0.01,0.01,0.97,0.01,0.01,0.01,0.01,2,Cluster 2
Doc1048,0.0,0.0,0.98,0.0,0.0,0.0,0.0,2,Cluster 2
Doc1049,0.0,0.0,0.98,0.0,0.0,0.0,0.0,2,Cluster 2
Doc1050,0.0,0.0,0.98,0.0,0.0,0.0,0.0,2,Cluster 2
Doc1051,0.0,0.0,0.98,0.0,0.0,0.0,0.0,2,Cluster 2
Doc1052,0.0,0.0,0.98,0.0,0.0,0.0,0.0,2,Cluster 2
Doc1053,0.0,0.0,0.97,0.0,0.0,0.0,0.0,2,Cluster 2
Doc1054,0.0,0.0,0.98,0.0,0.0,0.0,0.0,2,Cluster 2
Doc1055,0.0,0.0,0.98,0.0,0.0,0.0,0.0,2,Cluster 2
Doc1056,0.0,0.0,0.98,0.0,0.0,0.0,0.0,2,Cluster 2
Doc1057,0.0,0.0,0.98,0.0,0.0,0.0,0.0,2,Cluster 2
Doc1058,0.0,0.0,0.98,0.0,0.0,0.0,0.0,2,Cluster 2
Doc1059,0.0,0.0,0.98,0.0,0.0,0.0,0.0,2,Cluster 2
Doc1060,0.0,0.0,0.97,0.0,0.0,0.0,0.0,2,Cluster 2
Doc1061,0.0,0.0,0.98,0.0,0.0,0.0,0.0,2,Cluster 2
Doc1062,0.0,0.0,0.98,0.0,0.0,0.0,0.0,2,Cluster 2
Doc1063,0.0,0.0,0.98,0.0,0.0,0.0,0.0,2,Cluster 2
Doc1064,0.0,0.0,0.98,0.0,0.0,0.0,0.0,2,Cluster 2
Doc1065,0.0,0.0,0.98,0.0,0.0,0.0,0.0,2,Cluster 2
Doc1066,0.0,0.0,0.98,0.0,0.0,0.0,0.0,2,Cluster 2
Doc1067,0.0,0.0,0.98,0.0,0.0,0.0,0.0,2,Cluster 2
Doc1068,0.0,0.0,0.98,0.0,0.0,0.0,0.0,2,Cluster 2
Doc1069,0.0,0.0,0.98,0.0,0.0,0.0,0.0,2,Cluster 2
Doc1070,0.0,0.0,0.97,0.0,0.0,0.0,0.0,2,Cluster 2
Doc1071,0.0,0.0,0.97,0.0,0.0,0.0,0.0,2,Cluster 2
Doc1072,0.0,0.0,0.98,0.0,0.0,0.0,0.0,2,Cluster 2
Doc1073,0.0,0.0,0.98,0.0,0.0,0.0,0.0,2,Cluster 2
Doc1074,0.0,0.0,0.98,0.0,0.0,0.0,0.0,2,Cluster 2
Doc1075,0.0,0.0,0.98,0.0,0.0,0.0,0.0,2,Cluster 2
Doc1076,0.0,0.0,0.98,0.0,0.0,0.0,0.0,2,Cluster 2
Doc1077,0.0,0.0,0.97,0.0,0.0,0.0,0.0,2,Cluster 2
Doc1078,0.0,0.0,0.97,0.0,0.0,0.0,0.0,2,Cluster 2
Doc1079,0.0,0.0,0.98,0.0,0.0,0.0,0.0,2,Cluster 2
Doc1080,0.0,0.0,0.97,0.0,0.0,0.0,0.0,2,Cluster 2
Doc1081,0.0,0.0,0.98,0.0,0.0,0.0,0.0,2,Cluster 2
Doc1082,0.0,0.0,0.97,0.0,0.0,0.0,0.0,2,Cluster 2
Doc1083,0.0,0.0,0.98,0.0,0.0,0.0,0.0,2,Cluster 2
Doc1084,0.0,0.0,0.97,0.0,0.0,0.0,0.0,2,Cluster 2
Doc1085,0.01,0.01,0.97,0.01,0.01,0.01,0.01,2,Cluster 2
Doc1086,0.0,0.0,0.97,0.0,0.0,0.0,0.0,2,Cluster 2
Doc1087,0.0,0.0,0.98,0.0,0.0,0.0,0.0,2,Cluster 2
Doc1088,0.0,0.0,0.98,0.0,0.0,0.0,0.0,2,Cluster 2
Doc1089,0.0,0.0,0.97,0.0,0.0,0.0,0.0,2,Cluster 2
Doc1090,0.01,0.01,0.97,0.01,0.01,0.01,0.01,2,Cluster 2
Doc1091,0.01,0.01,0.97,0.01,0.01,0.01,0.01,2,Cluster 2
